-- MySQL dump 10.13  Distrib 5.6.23, for Win64 (x86_64)
--
-- Host: 127.0.0.1    Database: vmi
-- ------------------------------------------------------
-- Server version 5.5.21

/*!40101 SET @OLD_CHARACTER_SET_CLIENT=@@CHARACTER_SET_CLIENT */;
/*!40101 SET @OLD_CHARACTER_SET_RESULTS=@@CHARACTER_SET_RESULTS */;
/*!40101 SET @OLD_COLLATION_CONNECTION=@@COLLATION_CONNECTION */;
/*!40101 SET NAMES utf8 */;
/*!40103 SET @OLD_TIME_ZONE=@@TIME_ZONE */;
/*!40103 SET TIME_ZONE='+00:00' */;
/*!40014 SET @OLD_UNIQUE_CHECKS=@@UNIQUE_CHECKS, UNIQUE_CHECKS=0 */;
/*!40014 SET @OLD_FOREIGN_KEY_CHECKS=@@FOREIGN_KEY_CHECKS, FOREIGN_KEY_CHECKS=0 */;
/*!40101 SET @OLD_SQL_MODE=@@SQL_MODE, SQL_MODE='NO_AUTO_VALUE_ON_ZERO' */;
/*!40111 SET @OLD_SQL_NOTES=@@SQL_NOTES, SQL_NOTES=0 */;

--
-- Table structure for table `delivery_plan`
--

DROP TABLE IF EXISTS `delivery_plan`;
/*!40101 SET @saved_cs_client     = @@character_set_client */;
/*!40101 SET character_set_client = utf8 */;
CREATE TABLE `delivery_plan` (
  `id` bigint(20) NOT NULL AUTO_INCREMENT,
  `created_by` varchar(255) DEFAULT NULL,
  `created_date` datetime DEFAULT NULL,
  `updated_by` varchar(255) DEFAULT NULL,
  `updated_date` datetime DEFAULT NULL,
  `version` int(11) DEFAULT NULL,
  `deli_date` datetime DEFAULT NULL,
  `delipocode` varchar(255) DEFAULT NULL,
  `deli_quantity` double DEFAULT NULL,
  `deli_status` varchar(255) DEFAULT NULL,
  PRIMARY KEY (`id`)
) ENGINE=InnoDB DEFAULT CHARSET=latin1;
/*!40101 SET character_set_client = @saved_cs_client */;

--
-- Dumping data for table `delivery_plan`
--

LOCK TABLES `delivery_plan` WRITE;
/*!40000 ALTER TABLE `delivery_plan` DISABLE KEYS */;
/*!40000 ALTER TABLE `delivery_plan` ENABLE KEYS */;
UNLOCK TABLES;

--
-- Table structure for table `estimate_usage`
--

DROP TABLE IF EXISTS `estimate_usage`;
/*!40101 SET @saved_cs_client     = @@character_set_client */;
/*!40101 SET character_set_client = utf8 */;
CREATE TABLE `estimate_usage` (
  `id` bigint(20) NOT NULL AUTO_INCREMENT,
  `created_by` varchar(255) DEFAULT NULL,
  `created_date` datetime DEFAULT NULL,
  `updated_by` varchar(255) DEFAULT NULL,
  `updated_date` datetime DEFAULT NULL,
  `version` int(11) DEFAULT NULL,
  `estiq1` double DEFAULT NULL,
  `estiq2` double DEFAULT NULL,
  `estiq3` double DEFAULT NULL,
  `estiq4` double DEFAULT NULL,
  `estiq5` double DEFAULT NULL,
  `estiq6` double DEFAULT NULL,
  `estiq7` double DEFAULT NULL,
  `esti_start_date` datetime DEFAULT NULL,
  PRIMARY KEY (`id`)
) ENGINE=InnoDB DEFAULT CHARSET=latin1;
/*!40101 SET character_set_client = @saved_cs_client */;

--
-- Dumping data for table `estimate_usage`
--

LOCK TABLES `estimate_usage` WRITE;
/*!40000 ALTER TABLE `estimate_usage` DISABLE KEYS */;
/*!40000 ALTER TABLE `estimate_usage` ENABLE KEYS */;
UNLOCK TABLES;

--
-- Table structure for table `interface_import_stock`
--

DROP TABLE IF EXISTS `interface_import_stock`;
/*!40101 SET @saved_cs_client     = @@character_set_client */;
/*!40101 SET character_set_client = utf8 */;
CREATE TABLE `interface_import_stock` (
  `id` bigint(20) NOT NULL AUTO_INCREMENT,
  `created_by` varchar(255) DEFAULT NULL,
  `created_date` datetime DEFAULT NULL,
  `updated_by` varchar(255) DEFAULT NULL,
  `updated_date` datetime DEFAULT NULL,
  `version` int(11) DEFAULT NULL,
  `inf_date` datetime DEFAULT NULL,
  `inf_location_code` varchar(255) DEFAULT NULL,
  `inf_movement_type` varchar(255) DEFAULT NULL,
  `inf_quantity` double DEFAULT NULL,
  `inf_refpo` varchar(255) DEFAULT NULL,
  PRIMARY KEY (`id`)
) ENGINE=InnoDB DEFAULT CHARSET=latin1;
/*!40101 SET character_set_client = @saved_cs_client */;

--
-- Dumping data for table `interface_import_stock`
--

LOCK TABLES `interface_import_stock` WRITE;
/*!40000 ALTER TABLE `interface_import_stock` DISABLE KEYS */;
/*!40000 ALTER TABLE `interface_import_stock` ENABLE KEYS */;
UNLOCK TABLES;

--
-- Table structure for table `item`
--

DROP TABLE IF EXISTS `item`;
/*!40101 SET @saved_cs_client     = @@character_set_client */;
/*!40101 SET character_set_client = utf8 */;
CREATE TABLE `item` (
  `id` bigint(20) NOT NULL AUTO_INCREMENT,
  `created_by` varchar(255) DEFAULT NULL,
  `created_date` datetime DEFAULT NULL,
  `updated_by` varchar(255) DEFAULT NULL,
  `updated_date` datetime DEFAULT NULL,
  `version` int(11) DEFAULT NULL,
  `item_code` varchar(255) DEFAULT NULL,
  `item_name` varchar(255) DEFAULT NULL,
  PRIMARY KEY (`id`)
) ENGINE=InnoDB DEFAULT CHARSET=latin1;
/*!40101 SET character_set_client = @saved_cs_client */;

--
-- Dumping data for table `item`
--

LOCK TABLES `item` WRITE;
/*!40000 ALTER TABLE `item` DISABLE KEYS */;
/*!40000 ALTER TABLE `item` ENABLE KEYS */;
UNLOCK TABLES;

--
-- Table structure for table `movement_type`
--

DROP TABLE IF EXISTS `movement_type`;
/*!40101 SET @saved_cs_client     = @@character_set_client */;
/*!40101 SET character_set_client = utf8 */;
CREATE TABLE `movement_type` (
  `id` bigint(20) NOT NULL AUTO_INCREMENT,
  `created_by` varchar(255) DEFAULT NULL,
  `created_date` datetime DEFAULT NULL,
  `updated_by` varchar(255) DEFAULT NULL,
  `updated_date` datetime DEFAULT NULL,s
  `version` int(11) DEFAULT NULL,
  `move_code` varchar(255) DEFAULT NULL,
  `move_name` varchar(255) DEFAULT NULL,
  PRIMARY KEY (`id`)
) ENGINE=InnoDB AUTO_INCREMENT=5 DEFAULT CHARSET=latin1;
/*!40101 SET character_set_client = @saved_cs_client */;

--
-- Dumping data for table `movement_type`
--

LOCK TABLES `movement_type` WRITE;
/*!40000 ALTER TABLE `movement_type` DISABLE KEYS */;
INSERT INTO `movement_type` VALUES (1,NULL,NULL,NULL,NULL,NULL,'101','receive'),(2,NULL,NULL,NULL,NULL,NULL,'102','adjust receive'),(3,NULL,NULL,NULL,NULL,NULL,'201','used'),(4,NULL,NULL,NULL,NULL,NULL,'202','adjust used');
/*!40000 ALTER TABLE `movement_type` ENABLE KEYS */;
UNLOCK TABLES;

--
-- Table structure for table `purchase_order`
--

DROP TABLE IF EXISTS `purchase_order`;
/*!40101 SET @saved_cs_client     = @@character_set_client */;
/*!40101 SET character_set_client = utf8 */;
CREATE TABLE `purchase_order` (
  `id` bigint(20) NOT NULL AUTO_INCREMENT,
  `created_by` varchar(255) DEFAULT NULL,
  `created_date` datetime DEFAULT NULL,
  `updated_by` varchar(255) DEFAULT NULL,
  `updated_date` datetime DEFAULT NULL,
  `version` int(11) DEFAULT NULL,
  `poactive` varchar(255) DEFAULT NULL,
  `pocode` varchar(255) DEFAULT NULL,
  `pocurrent_quantity` double DEFAULT NULL,
  `poquantity` double DEFAULT NULL,
  `pousage_quantity` double DEFAULT NULL,
  PRIMARY KEY (`id`)
) ENGINE=InnoDB AUTO_INCREMENT=8 DEFAULT CHARSET=latin1;
/*!40101 SET character_set_client = @saved_cs_client */;

--
-- Dumping data for table `purchase_order`
--

LOCK TABLES `purchase_order` WRITE;
/*!40000 ALTER TABLE `purchase_order` DISABLE KEYS */;
INSERT INTO `purchase_order` VALUES (1,NULL,NULL,NULL,NULL,0,NULL,'1900060146',NULL,NULL,NULL),(2,NULL,NULL,NULL,NULL,0,NULL,'1900061404',NULL,NULL,NULL),(3,NULL,NULL,NULL,NULL,0,NULL,'1900061569',NULL,NULL,NULL),(4,NULL,NULL,NULL,NULL,NULL,NULL,'1900062025',NULL,NULL,NULL),(5,NULL,NULL,NULL,NULL,NULL,NULL,'1900062581',NULL,NULL,NULL),(6,NULL,NULL,NULL,NULL,NULL,NULL,'1900062771',NULL,NULL,NULL),(7,NULL,NULL,NULL,NULL,0,NULL,'1900000000',NULL,0,NULL);
/*!40000 ALTER TABLE `purchase_order` ENABLE KEYS */;
UNLOCK TABLES;

--
-- Table structure for table `purchase_order_balance`
--

DROP TABLE IF EXISTS `purchase_order_balance`;
/*!40101 SET @saved_cs_client     = @@character_set_client */;
/*!40101 SET character_set_client = utf8 */;
CREATE TABLE `purchase_order_balance` (
  `id` bigint(20) NOT NULL AUTO_INCREMENT,
  `created_by` varchar(255) DEFAULT NULL,
  `created_date` datetime DEFAULT NULL,
  `updated_by` varchar(255) DEFAULT NULL,
  `updated_date` datetime DEFAULT NULL,
  `version` int(11) DEFAULT NULL,
  `pobal_date` datetime DEFAULT NULL,
  `pobal_quantity` double DEFAULT NULL,
  `pobal_usage_quantity` double DEFAULT NULL,
  `pocode` bigint(20) DEFAULT NULL,
  PRIMARY KEY (`id`),
  KEY `FK_adgmw2k7t2gxwvlu4oy0xv4mx` (`pocode`),
  CONSTRAINT `FK_adgmw2k7t2gxwvlu4oy0xv4mx` FOREIGN KEY (`pocode`) REFERENCES `purchase_order` (`id`)
) ENGINE=InnoDB DEFAULT CHARSET=latin1;
/*!40101 SET character_set_client = @saved_cs_client */;

--
-- Dumping data for table `purchase_order_balance`
--

LOCK TABLES `purchase_order_balance` WRITE;
/*!40000 ALTER TABLE `purchase_order_balance` DISABLE KEYS */;
/*!40000 ALTER TABLE `purchase_order_balance` ENABLE KEYS */;
UNLOCK TABLES;

--
-- Table structure for table `purchase_order_delivery`
--

DROP TABLE IF EXISTS `purchase_order_delivery`;
/*!40101 SET @saved_cs_client     = @@character_set_client */;
/*!40101 SET character_set_client = utf8 */;
CREATE TABLE `purchase_order_delivery` (
  `id` bigint(20) NOT NULL AUTO_INCREMENT,
  `created_by` varchar(255) DEFAULT NULL,
  `created_date` datetime DEFAULT NULL,
  `updated_by` varchar(255) DEFAULT NULL,
  `updated_date` datetime DEFAULT NULL,
  `version` int(11) DEFAULT NULL,
  `podrec_date` datetime DEFAULT NULL,
  `podrec_quantity` double DEFAULT NULL,
  `podreq_date` datetime DEFAULT NULL,
  `podreq_quantity` double DEFAULT NULL,
  `podrequest_quantity` varchar(255) DEFAULT NULL,
  `pocode` bigint(20) DEFAULT NULL,
  PRIMARY KEY (`id`),
  KEY `FK_i8vyxoe2h5d78s6wgp5tvx6wx` (`pocode`),
  CONSTRAINT `FK_i8vyxoe2h5d78s6wgp5tvx6wx` FOREIGN KEY (`pocode`) REFERENCES `purchase_order` (`id`)
) ENGINE=InnoDB DEFAULT CHARSET=latin1;
/*!40101 SET character_set_client = @saved_cs_client */;

--
-- Dumping data for table `purchase_order_delivery`
--

LOCK TABLES `purchase_order_delivery` WRITE;
/*!40000 ALTER TABLE `purchase_order_delivery` DISABLE KEYS */;
/*!40000 ALTER TABLE `purchase_order_delivery` ENABLE KEYS */;
UNLOCK TABLES;

--
-- Table structure for table `request_delivery_plan`
--

DROP TABLE IF EXISTS `request_delivery_plan`;
/*!40101 SET @saved_cs_client     = @@character_set_client */;
/*!40101 SET character_set_client = utf8 */;
CREATE TABLE `request_delivery_plan` (
  `id` bigint(20) NOT NULL AUTO_INCREMENT,
  `created_by` varchar(255) DEFAULT NULL,
  `created_date` datetime DEFAULT NULL,
  `updated_by` varchar(255) DEFAULT NULL,
  `updated_date` datetime DEFAULT NULL,
  `version` int(11) DEFAULT NULL,
  `req_deli_date` datetime DEFAULT NULL,
  `req_deli_quantity` double DEFAULT NULL,
  `req_deli_request_date` datetime DEFAULT NULL,
  `req_deli_status` varchar(255) DEFAULT NULL,
  PRIMARY KEY (`id`)
) ENGINE=InnoDB DEFAULT CHARSET=latin1;
/*!40101 SET character_set_client = @saved_cs_client */;

--
-- Dumping data for table `request_delivery_plan`
--

LOCK TABLES `request_delivery_plan` WRITE;
/*!40000 ALTER TABLE `request_delivery_plan` DISABLE KEYS */;
/*!40000 ALTER TABLE `request_delivery_plan` ENABLE KEYS */;
UNLOCK TABLES;

--
-- Table structure for table `stock_balance`
--

DROP TABLE IF EXISTS `stock_balance`;
/*!40101 SET @saved_cs_client     = @@character_set_client */;
/*!40101 SET character_set_client = utf8 */;
CREATE TABLE `stock_balance` (
  `id` bigint(20) NOT NULL AUTO_INCREMENT,
  `created_by` varchar(255) DEFAULT NULL,
  `created_date` datetime DEFAULT NULL,
  `updated_by` varchar(255) DEFAULT NULL,
  `updated_date` datetime DEFAULT NULL,
  `version` int(11) DEFAULT NULL,
  `sbal_date` datetime DEFAULT NULL,
  `sbal_location_code` varchar(255) DEFAULT NULL,
  `sbal_quantity` double DEFAULT NULL,
  PRIMARY KEY (`id`)
) ENGINE=InnoDB DEFAULT CHARSET=latin1;
/*!40101 SET character_set_client = @saved_cs_client */;

--
-- Dumping data for table `stock_balance`
--

LOCK TABLES `stock_balance` WRITE;
/*!40000 ALTER TABLE `stock_balance` DISABLE KEYS */;
/*!40000 ALTER TABLE `stock_balance` ENABLE KEYS */;
UNLOCK TABLES;

--
-- Table structure for table `stock_location`
--

DROP TABLE IF EXISTS `stock_location`;
/*!40101 SET @saved_cs_client     = @@character_set_client */;
/*!40101 SET character_set_client = utf8 */;
CREATE TABLE `stock_location` (
  `id` bigint(20) NOT NULL AUTO_INCREMENT,
  `created_by` varchar(255) DEFAULT NULL,
  `created_date` datetime DEFAULT NULL,
  `updated_by` varchar(255) DEFAULT NULL,
  `updated_date` datetime DEFAULT NULL,
  `version` int(11) DEFAULT NULL,
  `sloc_code` varchar(255) DEFAULT NULL,
  `sloc_current_quantity` double DEFAULT NULL,
  `sloc_max` int(11) DEFAULT NULL,
  `sloc_min` int(11) DEFAULT NULL,
  `sloc_name` varchar(255) DEFAULT NULL,
  `item_code` bigint(20) DEFAULT NULL,
  PRIMARY KEY (`id`),
  KEY `FK_9hu2xbmj6iadps869vo1c2cof` (`item_code`),
  CONSTRAINT `FK_9hu2xbmj6iadps869vo1c2cof` FOREIGN KEY (`item_code`) REFERENCES `item` (`id`)
) ENGINE=InnoDB AUTO_INCREMENT=6 DEFAULT CHARSET=latin1;
/*!40101 SET character_set_client = @saved_cs_client */;

--
-- Dumping data for table `stock_location`
--

LOCK TABLES `stock_location` WRITE;
/*!40000 ALTER TABLE `stock_location` DISABLE KEYS */;
INSERT INTO `stock_location` VALUES (1,NULL,NULL,NULL,NULL,0,'2001',50000,54000,20000,'location1',NULL),(2,NULL,NULL,NULL,NULL,0,'1100',10000,12000,5000,NULL,NULL),(3,NULL,NULL,NULL,NULL,0,'2300',10000,12000,3000,NULL,NULL),(4,NULL,NULL,NULL,NULL,0,'7000',15000,15000,3000,NULL,NULL),(5,NULL,NULL,NULL,NULL,0,'0000',10000,NULL,NULL,'location other',NULL);
/*!40000 ALTER TABLE `stock_location` ENABLE KEYS */;
UNLOCK TABLES;

--
-- Table structure for table `stock_movement`
--

DROP TABLE IF EXISTS `stock_movement`;
/*!40101 SET @saved_cs_client     = @@character_set_client */;
/*!40101 SET character_set_client = utf8 */;
CREATE TABLE `stock_movement` (
  `id` bigint(20) NOT NULL AUTO_INCREMENT,
  `created_by` varchar(255) DEFAULT NULL,
  `created_date` datetime DEFAULT NULL,
  `updated_by` varchar(255) DEFAULT NULL,
  `updated_date` datetime DEFAULT NULL,
  `version` int(11) DEFAULT NULL,
  `smov_date` datetime DEFAULT NULL,
  `smov_quantity` double DEFAULT NULL,
  `smov_status_code` varchar(255) DEFAULT NULL,
  `sloc_code` bigint(20) DEFAULT NULL,
  `smov_balance` double DEFAULT NULL,
  `pocode` bigint(20) DEFAULT NULL,
  PRIMARY KEY (`id`),
  KEY `FK_n71076cpku7k1sxv16de0bavr` (`sloc_code`),
  KEY `FK_s6n1gdt9e7o9t4lg9mva9lvi8` (`pocode`),
  CONSTRAINT `FK_n71076cpku7k1sxv16de0bavr` FOREIGN KEY (`sloc_code`) REFERENCES `stock_location` (`id`),
  CONSTRAINT `FK_s6n1gdt9e7o9t4lg9mva9lvi8` FOREIGN KEY (`pocode`) REFERENCES `purchase_order` (`id`)
) ENGINE=InnoDB AUTO_INCREMENT=783 DEFAULT CHARSET=latin1;
/*!40101 SET character_set_client = @saved_cs_client */;

--
-- Dumping data for table `stock_movement`
--

LOCK TABLES `stock_movement` WRITE;
/*!40000 ALTER TABLE `stock_movement` DISABLE KEYS */;
INSERT INTO `stock_movement` VALUES (1,NULL,NULL,NULL,NULL,0,'2015-01-01 00:00:00',-1134.19,'201',4,NULL,NULL),(2,NULL,NULL,NULL,NULL,0,'2015-01-02 00:00:00',-2076,'201',4,NULL,NULL),(3,NULL,NULL,NULL,NULL,0,'2015-01-03 00:00:00',-1277,'201',4,NULL,NULL),(4,NULL,NULL,NULL,NULL,0,'2015-01-04 00:00:00',-5117,'201',4,NULL,NULL),(5,NULL,NULL,NULL,NULL,0,'2015-01-05 00:00:00',8540.74,'101',1,NULL,1),(6,NULL,NULL,NULL,NULL,0,'2015-01-05 00:00:00',4377.78,'101',3,NULL,1),(7,NULL,NULL,NULL,NULL,0,'2015-01-05 00:00:00',9392.59,'101',4,NULL,1),(8,NULL,NULL,NULL,NULL,0,'2015-01-05 00:00:00',-385.37,'201',1,NULL,NULL),(9,NULL,NULL,NULL,NULL,0,'2015-01-05 00:00:00',-385.37,'201',1,NULL,NULL),(10,NULL,NULL,NULL,NULL,0,'2015-01-05 00:00:00',-1170,'201',1,NULL,NULL),(11,NULL,NULL,NULL,NULL,0,'2015-01-05 00:00:00',-1506.59,'201',4,NULL,NULL),(12,NULL,NULL,NULL,NULL,0,'2015-01-05 00:00:00',-477.78,'201',3,NULL,NULL),(13,NULL,NULL,NULL,NULL,0,'2015-01-05 00:00:00',-900,'201',2,NULL,NULL),(14,NULL,NULL,NULL,NULL,0,'2015-01-06 00:00:00',-3251,'201',4,NULL,NULL),(15,NULL,NULL,NULL,NULL,0,'2015-01-06 00:00:00',-500,'201',3,NULL,NULL),(16,NULL,NULL,NULL,NULL,0,'2015-01-06 00:00:00',-480,'201',1,NULL,NULL),(17,NULL,NULL,NULL,NULL,0,'2015-01-06 00:00:00',-720,'201',1,NULL,NULL),(18,NULL,NULL,NULL,NULL,0,'2015-01-06 00:00:00',-2100,'201',1,NULL,NULL),(19,NULL,NULL,NULL,NULL,0,'2015-01-06 00:00:00',-1200,'201',2,NULL,NULL),(20,NULL,NULL,NULL,NULL,0,'2015-01-07 00:00:00',-400,'201',2,NULL,NULL),(21,NULL,NULL,NULL,NULL,0,'2015-01-07 00:00:00',-400,'201',3,NULL,NULL),(22,NULL,NULL,NULL,NULL,0,'2015-01-07 00:00:00',-1260,'201',1,NULL,NULL),(23,NULL,NULL,NULL,NULL,0,'2015-01-07 00:00:00',-840,'201',1,NULL,NULL),(24,NULL,NULL,NULL,NULL,0,'2015-01-07 00:00:00',-900,'201',1,NULL,NULL),(25,NULL,NULL,NULL,NULL,0,'2015-01-07 00:00:00',-1880,'201',4,NULL,NULL),(26,NULL,NULL,NULL,NULL,0,'2015-01-07 00:00:00',400,'202',3,NULL,NULL),(27,NULL,NULL,NULL,NULL,0,'2015-01-07 00:00:00',-400,'201',3,NULL,NULL),(28,NULL,NULL,NULL,NULL,0,'2015-01-08 00:00:00',-400,'201',3,NULL,NULL),(29,NULL,NULL,NULL,NULL,0,'2015-01-08 00:00:00',-7463.75,'201',4,NULL,NULL),(30,NULL,NULL,NULL,NULL,0,'2015-01-08 00:00:00',400,'202',3,NULL,NULL),(31,NULL,NULL,NULL,NULL,0,'2015-01-08 00:00:00',7463.75,'202',4,NULL,NULL),(32,NULL,NULL,NULL,NULL,0,'2015-01-08 00:00:00',-1694,'201',4,NULL,NULL),(33,NULL,NULL,NULL,NULL,0,'2015-01-08 00:00:00',-1800,'201',2,NULL,NULL),(34,NULL,NULL,NULL,NULL,0,'2015-01-08 00:00:00',-400,'201',3,NULL,NULL),(35,NULL,NULL,NULL,NULL,0,'2015-01-08 00:00:00',-1251,'201',1,NULL,NULL),(36,NULL,NULL,NULL,NULL,0,'2015-01-08 00:00:00',-833,'201',1,NULL,NULL),(37,NULL,NULL,NULL,NULL,0,'2015-01-08 00:00:00',-416,'201',1,NULL,NULL),(38,NULL,NULL,NULL,NULL,0,'2015-01-08 00:00:00',-2400,'201',1,NULL,NULL),(39,NULL,NULL,NULL,NULL,0,'2015-01-09 00:00:00',-250,'201',1,NULL,NULL),(40,NULL,NULL,NULL,NULL,0,'2015-01-09 00:00:00',-500,'201',1,NULL,NULL),(41,NULL,NULL,NULL,NULL,0,'2015-01-09 00:00:00',-750,'201',1,NULL,NULL),(42,NULL,NULL,NULL,NULL,0,'2015-01-09 00:00:00',-1400,'201',1,NULL,NULL),(43,NULL,NULL,NULL,NULL,0,'2015-01-09 00:00:00',-600,'201',2,NULL,NULL),(44,NULL,NULL,NULL,NULL,0,'2015-01-09 00:00:00',-1996,'201',4,NULL,NULL),(45,NULL,NULL,NULL,NULL,0,'2015-01-10 00:00:00',9525.93,'101',4,NULL,1),(46,NULL,NULL,NULL,NULL,0,'2015-01-10 00:00:00',4074.07,'101',1,NULL,1),(47,NULL,NULL,NULL,NULL,0,'2015-01-10 00:00:00',8622.22,'101',2,NULL,1),(48,NULL,NULL,NULL,NULL,0,'2015-01-10 00:00:00',-3956,'201',4,NULL,NULL),(49,NULL,NULL,NULL,NULL,0,'2015-01-10 00:00:00',-700,'201',3,NULL,NULL),(50,NULL,NULL,NULL,NULL,0,'2015-01-10 00:00:00',-1476.51,'201',1,NULL,NULL),(51,NULL,NULL,NULL,NULL,0,'2015-01-10 00:00:00',-984.34,'201',1,NULL,NULL),(52,NULL,NULL,NULL,NULL,0,'2015-01-10 00:00:00',-11151,'201',1,NULL,NULL),(53,NULL,NULL,NULL,NULL,0,'2015-01-10 00:00:00',-5622.22,'201',2,NULL,NULL),(54,NULL,NULL,NULL,NULL,0,'2015-01-11 00:00:00',-3442,'201',4,NULL,NULL),(55,NULL,NULL,NULL,NULL,0,'2015-01-11 00:00:00',-400,'201',2,NULL,NULL),(56,NULL,NULL,NULL,NULL,0,'2015-01-11 00:00:00',400,'202',2,NULL,NULL),(57,NULL,NULL,NULL,NULL,0,'2015-01-12 00:00:00',-1193,'201',4,NULL,NULL),(58,NULL,NULL,NULL,NULL,0,'2015-01-12 00:00:00',-2100,'201',3,NULL,NULL),(59,NULL,NULL,NULL,NULL,0,'2015-01-12 00:00:00',-400,'201',2,NULL,NULL),(60,NULL,NULL,NULL,NULL,0,'2015-01-13 00:00:00',5474.07,'101',2,NULL,1),(61,NULL,NULL,NULL,NULL,0,'2015-01-13 00:00:00',14629.63,'101',1,NULL,1),(62,NULL,NULL,NULL,NULL,0,'2015-01-13 00:00:00',-935,'201',4,NULL,NULL),(63,NULL,NULL,NULL,NULL,0,'2015-01-13 00:00:00',-1974.07,'201',2,NULL,NULL),(64,NULL,NULL,NULL,NULL,0,'2015-01-13 00:00:00',-600,'201',3,NULL,NULL),(65,NULL,NULL,NULL,NULL,0,'2015-01-14 00:00:00',-1336.93,'201',4,NULL,NULL),(66,NULL,NULL,NULL,NULL,0,'2015-01-14 00:00:00',-500,'201',3,NULL,NULL),(67,NULL,NULL,NULL,NULL,0,'2015-01-14 00:00:00',-700,'201',2,NULL,NULL),(68,NULL,NULL,NULL,NULL,0,'2015-01-15 00:00:00',-700,'201',3,NULL,NULL),(69,NULL,NULL,NULL,NULL,0,'2015-01-15 00:00:00',-2384,'201',4,NULL,NULL),(70,NULL,NULL,NULL,NULL,0,'2015-01-15 00:00:00',-1254.85,'201',1,NULL,NULL),(71,NULL,NULL,NULL,NULL,0,'2015-01-15 00:00:00',-837,'201',1,NULL,NULL),(72,NULL,NULL,NULL,NULL,0,'2015-01-15 00:00:00',-2000,'201',1,NULL,NULL),(73,NULL,NULL,NULL,NULL,0,'2015-01-15 00:00:00',-1300,'201',2,NULL,NULL),(74,NULL,NULL,NULL,NULL,0,'2015-01-16 00:00:00',3296.3,'101',2,NULL,1),(75,NULL,NULL,NULL,NULL,0,'2015-01-16 00:00:00',11081.48,'101',1,NULL,1),(76,NULL,NULL,NULL,NULL,0,'2015-01-16 00:00:00',8000,'101',3,NULL,1),(77,NULL,NULL,NULL,NULL,0,'2015-01-16 00:00:00',-840,'201',3,NULL,NULL),(78,NULL,NULL,NULL,NULL,0,'2015-01-16 00:00:00',-1660,'201',3,NULL,NULL),(79,NULL,NULL,NULL,NULL,0,'2015-01-16 00:00:00',-1096.3,'201',2,NULL,NULL),(80,NULL,NULL,NULL,NULL,0,'2015-01-16 00:00:00',-136.59,'201',1,NULL,NULL),(81,NULL,NULL,NULL,NULL,0,'2015-01-16 00:00:00',-204.89,'201',1,NULL,NULL),(82,NULL,NULL,NULL,NULL,0,'2015-01-16 00:00:00',-740,'201',1,NULL,NULL),(83,NULL,NULL,NULL,NULL,0,'2015-01-16 00:00:00',-4886,'201',4,NULL,NULL),(84,NULL,NULL,NULL,NULL,0,'2015-01-17 00:00:00',-2382,'201',4,NULL,NULL),(85,NULL,NULL,NULL,NULL,0,'2015-01-17 00:00:00',-1920,'201',1,NULL,NULL),(86,NULL,NULL,NULL,NULL,0,'2015-01-17 00:00:00',-1280,'201',1,NULL,NULL),(87,NULL,NULL,NULL,NULL,0,'2015-01-17 00:00:00',-3000,'201',1,NULL,NULL),(88,NULL,NULL,NULL,NULL,0,'2015-01-17 00:00:00',-450,'201',3,NULL,NULL),(89,NULL,NULL,NULL,NULL,0,'2015-01-17 00:00:00',-450,'201',3,NULL,NULL),(90,NULL,NULL,NULL,NULL,0,'2015-01-17 00:00:00',-4200,'201',2,NULL,NULL),(91,NULL,NULL,NULL,NULL,0,'2015-01-18 00:00:00',-1806,'201',4,NULL,NULL),(92,NULL,NULL,NULL,NULL,0,'2015-01-19 00:00:00',22385.19,'101',4,NULL,1),(93,NULL,NULL,NULL,NULL,0,'2015-01-19 00:00:00',-200,'201',1,NULL,NULL),(94,NULL,NULL,NULL,NULL,0,'2015-01-19 00:00:00',-400,'201',1,NULL,NULL),(95,NULL,NULL,NULL,NULL,0,'2015-01-19 00:00:00',-400,'201',1,NULL,NULL),(96,NULL,NULL,NULL,NULL,0,'2015-01-19 00:00:00',-900,'201',1,NULL,NULL),(97,NULL,NULL,NULL,NULL,0,'2015-01-19 00:00:00',-1300,'201',2,NULL,NULL),(98,NULL,NULL,NULL,NULL,0,'2015-01-19 00:00:00',-971.19,'201',4,NULL,NULL),(99,NULL,NULL,NULL,NULL,0,'2015-01-19 00:00:00',22385.19,'101',4,NULL,2),(100,NULL,NULL,NULL,NULL,0,'2015-01-19 00:00:00',-22385.19,'102',4,NULL,1),(101,NULL,NULL,NULL,NULL,0,'2015-01-20 00:00:00',-1403,'201',4,NULL,NULL),(102,NULL,NULL,NULL,NULL,0,'2015-01-20 00:00:00',-525,'201',1,NULL,NULL),(103,NULL,NULL,NULL,NULL,0,'2015-01-20 00:00:00',-525,'201',1,NULL,NULL),(104,NULL,NULL,NULL,NULL,0,'2015-01-20 00:00:00',-350,'201',1,NULL,NULL),(105,NULL,NULL,NULL,NULL,0,'2015-01-20 00:00:00',-1300,'201',1,NULL,NULL),(106,NULL,NULL,NULL,NULL,0,'2015-01-20 00:00:00',-3100,'201',3,NULL,NULL),(107,NULL,NULL,NULL,NULL,0,'2015-01-21 00:00:00',12911.11,'101',1,NULL,1),(108,NULL,NULL,NULL,NULL,0,'2015-01-21 00:00:00',7081.48,'101',2,NULL,1),(109,NULL,NULL,NULL,NULL,0,'2015-01-21 00:00:00',-2386,'201',4,NULL,NULL),(110,NULL,NULL,NULL,NULL,0,'2015-01-21 00:00:00',-700,'201',3,NULL,NULL),(111,NULL,NULL,NULL,NULL,0,'2015-01-21 00:00:00',-389.03,'201',1,NULL,NULL),(112,NULL,NULL,NULL,NULL,0,'2015-01-21 00:00:00',-583.54,'201',1,NULL,NULL),(113,NULL,NULL,NULL,NULL,0,'2015-01-21 00:00:00',-583.54,'201',1,NULL,NULL),(114,NULL,NULL,NULL,NULL,0,'2015-01-21 00:00:00',-1355,'201',1,NULL,NULL),(115,NULL,NULL,NULL,NULL,0,'2015-01-21 00:00:00',-981.48,'201',2,NULL,NULL),(116,NULL,NULL,NULL,NULL,0,'2015-01-21 00:00:00',-12911.11,'102',1,NULL,1),(117,NULL,NULL,NULL,NULL,0,'2015-01-21 00:00:00',-7081.48,'102',2,NULL,1),(118,NULL,NULL,NULL,NULL,0,'2015-01-21 00:00:00',12911.11,'101',1,NULL,2),(119,NULL,NULL,NULL,NULL,0,'2015-01-21 00:00:00',7081.48,'101',2,NULL,2),(120,NULL,NULL,NULL,NULL,0,'2015-01-22 00:00:00',-2308,'201',4,NULL,NULL),(121,NULL,NULL,NULL,NULL,0,'2015-01-22 00:00:00',-1000,'201',3,NULL,NULL),(122,NULL,NULL,NULL,NULL,0,'2015-01-22 00:00:00',-726,'201',1,NULL,NULL),(123,NULL,NULL,NULL,NULL,0,'2015-01-22 00:00:00',-1087,'201',1,NULL,NULL),(124,NULL,NULL,NULL,NULL,0,'2015-01-22 00:00:00',-1087,'201',1,NULL,NULL),(125,NULL,NULL,NULL,NULL,0,'2015-01-22 00:00:00',-3200,'201',1,NULL,NULL),(126,NULL,NULL,NULL,NULL,0,'2015-01-22 00:00:00',-2,'201',2,NULL,NULL),(127,NULL,NULL,NULL,NULL,0,'2015-01-23 00:00:00',6555.56,'101',3,NULL,2),(128,NULL,NULL,NULL,NULL,0,'2015-01-23 00:00:00',15681.48,'101',1,NULL,2),(129,NULL,NULL,NULL,NULL,0,'2015-01-23 00:00:00',-2955.56,'201',3,NULL,NULL),(130,NULL,NULL,NULL,NULL,0,'2015-01-23 00:00:00',-1400,'201',3,NULL,NULL),(131,NULL,NULL,NULL,NULL,0,'2015-01-23 00:00:00',-1143.12,'201',1,NULL,NULL),(132,NULL,NULL,NULL,NULL,0,'2015-01-23 00:00:00',-1719.18,'201',1,NULL,NULL),(133,NULL,NULL,NULL,NULL,0,'2015-01-23 00:00:00',-1719.18,'201',1,NULL,NULL),(134,NULL,NULL,NULL,NULL,0,'2015-01-23 00:00:00',-1567,'201',1,NULL,NULL),(135,NULL,NULL,NULL,NULL,0,'2015-01-23 00:00:00',-3133,'201',1,NULL,NULL),(136,NULL,NULL,NULL,NULL,0,'2015-01-23 00:00:00',-3592,'201',4,NULL,NULL),(137,NULL,NULL,NULL,NULL,0,'2015-01-23 00:00:00',-3100,'201',2,NULL,NULL),(138,NULL,NULL,NULL,NULL,0,'2015-01-02 00:00:00',-2912,'201',4,NULL,NULL),(139,NULL,NULL,NULL,NULL,0,'2015-01-24 00:00:00',-3600,'201',2,NULL,NULL),(140,NULL,NULL,NULL,NULL,0,'2015-01-24 00:00:00',-250,'201',3,NULL,NULL),(141,NULL,NULL,NULL,NULL,0,'2015-01-24 00:00:00',-250,'201',3,NULL,NULL),(142,NULL,NULL,NULL,NULL,0,'2015-01-24 00:00:00',-586,'201',1,NULL,NULL),(143,NULL,NULL,NULL,NULL,0,'2015-01-24 00:00:00',-877,'201',1,NULL,NULL),(144,NULL,NULL,NULL,NULL,0,'2015-01-24 00:00:00',-877,'201',1,NULL,NULL),(145,NULL,NULL,NULL,NULL,0,'2015-01-24 00:00:00',-1110,'201',1,NULL,NULL),(146,NULL,NULL,NULL,NULL,0,'2015-01-24 00:00:00',-1110,'201',1,NULL,NULL),(147,NULL,NULL,NULL,NULL,0,'2015-01-25 00:00:00',-3250,'201',4,NULL,NULL),(148,NULL,NULL,NULL,NULL,0,'2015-01-25 00:00:00',-624,'201',1,NULL,NULL),(149,NULL,NULL,NULL,NULL,0,'2015-01-25 00:00:00',-936,'201',1,NULL,NULL),(150,NULL,NULL,NULL,NULL,0,'2015-01-25 00:00:00',-1480,'201',1,NULL,NULL),(151,NULL,NULL,NULL,NULL,0,'2015-01-26 00:00:00',11940.74,'101',4,NULL,2),(152,NULL,NULL,NULL,NULL,0,'2015-01-26 00:00:00',10303.7,'101',2,NULL,2),(153,NULL,NULL,NULL,NULL,0,'2015-01-26 00:00:00',-2186,'201',4,NULL,NULL),(154,NULL,NULL,NULL,NULL,0,'2015-01-26 00:00:00',-500,'201',3,NULL,NULL),(155,NULL,NULL,NULL,NULL,0,'2015-01-26 00:00:00',-2403.7,'201',2,NULL,NULL),(156,NULL,NULL,NULL,NULL,0,'2015-01-26 00:00:00',-160,'201',1,NULL,NULL),(157,NULL,NULL,NULL,NULL,0,'2015-01-26 00:00:00',-320,'201',1,NULL,NULL),(158,NULL,NULL,NULL,NULL,0,'2015-01-26 00:00:00',-320,'201',1,NULL,NULL),(159,NULL,NULL,NULL,NULL,0,'2015-01-26 00:00:00',-800,'201',1,NULL,NULL),(160,NULL,NULL,NULL,NULL,0,'2015-01-27 00:00:00',5444.44,'101',3,NULL,2),(161,NULL,NULL,NULL,NULL,0,'2015-01-27 00:00:00',14437.04,'101',1,NULL,2),(162,NULL,NULL,NULL,NULL,0,'2015-01-27 00:00:00',-544.44,'201',3,NULL,NULL),(163,NULL,NULL,NULL,NULL,0,'2015-01-27 00:00:00',-200,'201',2,NULL,NULL),(164,NULL,NULL,NULL,NULL,0,'2015-01-27 00:00:00',-2388.74,'201',4,NULL,NULL),(165,NULL,NULL,NULL,NULL,0,'2015-01-27 00:00:00',-1250.01,'201',1,NULL,NULL),(166,NULL,NULL,NULL,NULL,0,'2015-01-27 00:00:00',-1875.01,'201',1,NULL,NULL),(167,NULL,NULL,NULL,NULL,0,'2015-01-27 00:00:00',-1875.01,'201',1,NULL,NULL),(168,NULL,NULL,NULL,NULL,0,'2015-01-27 00:00:00',-5537,'201',1,NULL,NULL),(169,NULL,NULL,NULL,NULL,0,'2015-01-28 00:00:00',-3724,'201',4,NULL,NULL),(170,NULL,NULL,NULL,NULL,0,'2015-01-28 00:00:00',-1000,'201',2,NULL,NULL),(171,NULL,NULL,NULL,NULL,0,'2015-01-28 00:00:00',-400,'201',3,NULL,NULL),(172,NULL,NULL,NULL,NULL,0,'2015-01-28 00:00:00',-826,'201',1,NULL,NULL),(173,NULL,NULL,NULL,NULL,0,'2015-01-28 00:00:00',-1237,'201',1,NULL,NULL),(174,NULL,NULL,NULL,NULL,0,'2015-01-28 00:00:00',-1237,'201',1,NULL,NULL),(175,NULL,NULL,NULL,NULL,0,'2015-01-28 00:00:00',-1500,'201',1,NULL,NULL),(176,NULL,NULL,NULL,NULL,0,'2015-01-28 00:00:00',-1500,'201',1,NULL,NULL),(177,NULL,NULL,NULL,NULL,0,'2015-01-29 00:00:00',-4456,'201',4,NULL,NULL),(178,NULL,NULL,NULL,NULL,0,'2015-01-29 00:00:00',-600,'201',3,NULL,NULL),(179,NULL,NULL,NULL,NULL,0,'2015-01-29 00:00:00',-926,'201',1,NULL,NULL),(180,NULL,NULL,NULL,NULL,0,'2015-01-29 00:00:00',-1387,'201',1,NULL,NULL),(181,NULL,NULL,NULL,NULL,0,'2015-01-29 00:00:00',-1387,'201',1,NULL,NULL),(182,NULL,NULL,NULL,NULL,0,'2015-01-29 00:00:00',-1700,'201',1,NULL,NULL),(183,NULL,NULL,NULL,NULL,0,'2015-01-29 00:00:00',-1700,'201',1,NULL,NULL),(184,NULL,NULL,NULL,NULL,0,'2015-01-29 00:00:00',-1000,'201',2,NULL,NULL),(185,NULL,NULL,NULL,NULL,0,'2015-01-30 00:00:00',10022.22,'101',4,NULL,2),(186,NULL,NULL,NULL,NULL,0,'2015-01-30 00:00:00',12200,'101',1,NULL,2),(187,NULL,NULL,NULL,NULL,0,'2015-01-30 00:00:00',-7500,'201',2,NULL,NULL),(188,NULL,NULL,NULL,NULL,0,'2015-01-30 00:00:00',-4909.22,'201',4,NULL,NULL),(189,NULL,NULL,NULL,NULL,0,'2015-01-30 00:00:00',-1000,'201',3,NULL,NULL),(190,NULL,NULL,NULL,NULL,0,'2015-01-30 00:00:00',-500,'201',3,NULL,NULL),(191,NULL,NULL,NULL,NULL,0,'2015-01-30 00:00:00',7500,'202',2,NULL,NULL),(192,NULL,NULL,NULL,NULL,0,'2015-01-30 00:00:00',-700,'201',2,NULL,NULL),(193,NULL,NULL,NULL,NULL,0,'2015-01-30 00:00:00',-77.81,'201',1,NULL,NULL),(194,NULL,NULL,NULL,NULL,0,'2015-01-30 00:00:00',-116.71,'201',1,NULL,NULL),(195,NULL,NULL,NULL,NULL,0,'2015-01-30 00:00:00',-116.71,'201',1,NULL,NULL),(196,NULL,NULL,NULL,NULL,0,'2015-01-30 00:00:00',-305.5,'201',1,NULL,NULL),(197,NULL,NULL,NULL,NULL,0,'2015-01-30 00:00:00',-305.5,'201',1,NULL,NULL),(198,NULL,NULL,NULL,NULL,0,'2015-01-31 00:00:00',13044.44,'101',4,NULL,2),(199,NULL,NULL,NULL,NULL,0,'2015-01-31 00:00:00',4592.59,'101',1,NULL,2),(200,NULL,NULL,NULL,NULL,0,'2015-01-31 00:00:00',2348.15,'101',2,NULL,2),(201,NULL,NULL,NULL,NULL,0,'2015-01-31 00:00:00',-1699,'201',4,NULL,NULL),(202,NULL,NULL,NULL,NULL,0,'2015-01-31 00:00:00',-6548.15,'201',2,NULL,NULL),(203,NULL,NULL,NULL,NULL,0,'2015-01-31 00:00:00',-500,'201',3,NULL,NULL),(204,NULL,NULL,NULL,NULL,0,'2015-01-31 00:00:00',-500,'201',3,NULL,NULL),(205,NULL,NULL,NULL,NULL,0,'2015-01-31 00:00:00',-496.34,'201',1,NULL,NULL),(206,NULL,NULL,NULL,NULL,0,'2015-01-31 00:00:00',-744.51,'201',1,NULL,NULL),(207,NULL,NULL,NULL,NULL,0,'2015-01-31 00:00:00',-744.51,'201',1,NULL,NULL),(208,NULL,NULL,NULL,NULL,0,'2015-01-31 00:00:00',-992.5,'201',1,NULL,NULL),(209,NULL,NULL,NULL,NULL,0,'2015-01-31 00:00:00',-992.5,'201',1,NULL,NULL),(210,NULL,NULL,NULL,NULL,0,'2015-02-01 00:00:00',-3958,'201',4,NULL,NULL),(211,NULL,NULL,NULL,NULL,0,'2015-02-02 00:00:00',-3253,'201',4,NULL,NULL),(212,NULL,NULL,NULL,NULL,0,'2015-02-02 00:00:00',-1030,'201',1,NULL,NULL),(213,NULL,NULL,NULL,NULL,0,'2015-02-02 00:00:00',-540,'201',1,NULL,NULL),(214,NULL,NULL,NULL,NULL,0,'2015-02-02 00:00:00',-1030,'201',1,NULL,NULL),(215,NULL,NULL,NULL,NULL,0,'2015-02-02 00:00:00',-1300,'201',1,NULL,NULL),(216,NULL,NULL,NULL,NULL,0,'2015-02-02 00:00:00',-1300,'201',1,NULL,NULL),(217,NULL,NULL,NULL,NULL,0,'2015-02-02 00:00:00',-50,'201',1,NULL,NULL),(218,NULL,NULL,NULL,NULL,0,'2015-02-02 00:00:00',-50,'201',1,NULL,NULL),(219,NULL,NULL,NULL,NULL,0,'2015-02-02 00:00:00',-800,'201',2,NULL,NULL),(220,NULL,NULL,NULL,NULL,0,'2015-02-02 00:00:00',-400,'201',3,NULL,NULL),(221,NULL,NULL,NULL,NULL,0,'2015-02-03 00:00:00',12392.59,'101',1,NULL,2),(222,NULL,NULL,NULL,NULL,0,'2015-02-03 00:00:00',9829.63,'101',2,NULL,2),(223,NULL,NULL,NULL,NULL,0,'2015-02-03 00:00:00',-400,'201',3,NULL,NULL),(224,NULL,NULL,NULL,NULL,0,'2015-02-03 00:00:00',-123.15,'201',1,NULL,NULL),(225,NULL,NULL,NULL,NULL,0,'2015-02-03 00:00:00',-184.72,'201',1,NULL,NULL),(226,NULL,NULL,NULL,NULL,0,'2015-02-03 00:00:00',-184.72,'201',1,NULL,NULL),(227,NULL,NULL,NULL,NULL,0,'2015-02-03 00:00:00',-150,'201',1,NULL,NULL),(228,NULL,NULL,NULL,NULL,0,'2015-02-03 00:00:00',-450,'201',1,NULL,NULL),(229,NULL,NULL,NULL,NULL,0,'2015-02-03 00:00:00',-933.44,'201',4,NULL,NULL),(230,NULL,NULL,NULL,NULL,0,'2015-02-03 00:00:00',-1829.63,'201',2,NULL,NULL),(231,NULL,NULL,NULL,NULL,0,'2015-02-04 00:00:00',-2405,'201',4,NULL,NULL),(232,NULL,NULL,NULL,NULL,0,'2015-02-04 00:00:00',-9100,'201',2,NULL,NULL),(233,NULL,NULL,NULL,NULL,0,'2015-02-04 00:00:00',-1200,'201',1,NULL,NULL),(234,NULL,NULL,NULL,NULL,0,'2015-02-04 00:00:00',-1800,'201',1,NULL,NULL),(235,NULL,NULL,NULL,NULL,0,'2015-02-04 00:00:00',-1800,'201',1,NULL,NULL),(236,NULL,NULL,NULL,NULL,0,'2015-02-04 00:00:00',-1125,'201',1,NULL,NULL),(237,NULL,NULL,NULL,NULL,0,'2015-02-04 00:00:00',-3375,'201',1,NULL,NULL),(238,NULL,NULL,NULL,NULL,0,'2015-02-04 00:00:00',9100,'202',2,NULL,NULL),(239,NULL,NULL,NULL,NULL,0,'2015-02-04 00:00:00',-1400,'201',2,NULL,NULL),(240,NULL,NULL,NULL,NULL,0,'2015-02-04 00:00:00',-300,'201',3,NULL,NULL),(241,NULL,NULL,NULL,NULL,0,'2015-02-05 00:00:00',-1453,'201',4,NULL,NULL),(242,NULL,NULL,NULL,NULL,0,'2015-02-05 00:00:00',-700,'201',3,NULL,NULL),(243,NULL,NULL,NULL,NULL,0,'2015-02-05 00:00:00',-1734,'201',1,NULL,NULL),(244,NULL,NULL,NULL,NULL,0,'2015-02-05 00:00:00',-2600,'201',1,NULL,NULL),(245,NULL,NULL,NULL,NULL,0,'2015-02-05 00:00:00',-866,'201',1,NULL,NULL),(246,NULL,NULL,NULL,NULL,0,'2015-02-05 00:00:00',-1175,'201',1,NULL,NULL),(247,NULL,NULL,NULL,NULL,0,'2015-02-05 00:00:00',-3525,'201',1,NULL,NULL),(248,NULL,NULL,NULL,NULL,0,'2015-02-05 00:00:00',-8100,'201',2,NULL,NULL),(249,NULL,NULL,NULL,NULL,0,'2015-02-05 00:00:00',8100,'202',2,NULL,NULL),(250,NULL,NULL,NULL,NULL,0,'2015-02-06 00:00:00',22237.04,'101',1,NULL,2),(251,NULL,NULL,NULL,NULL,0,'2015-02-06 00:00:00',-2054,'201',4,NULL,NULL),(252,NULL,NULL,NULL,NULL,0,'2015-02-06 00:00:00',7407.41,'101',5,NULL,3),(253,NULL,NULL,NULL,NULL,0,'2015-02-06 00:00:00',-1000,'201',2,NULL,NULL),(254,NULL,NULL,NULL,NULL,0,'2015-02-06 00:00:00',-800,'201',3,NULL,NULL),(255,NULL,NULL,NULL,NULL,0,'2015-02-06 00:00:00',-400,'201',3,NULL,NULL),(256,NULL,NULL,NULL,NULL,0,'2015-02-06 00:00:00',-34,'201',1,NULL,NULL),(257,NULL,NULL,NULL,NULL,0,'2015-02-06 00:00:00',-51.04,'201',1,NULL,NULL),(258,NULL,NULL,NULL,NULL,0,'2015-02-06 00:00:00',-34,'201',1,NULL,NULL),(259,NULL,NULL,NULL,NULL,0,'2015-02-06 00:00:00',-230,'201',1,NULL,NULL),(260,NULL,NULL,NULL,NULL,0,'2015-02-06 00:00:00',-688,'201',1,NULL,NULL),(261,NULL,NULL,NULL,NULL,0,'2015-02-07 00:00:00',-2741,'201',4,NULL,NULL),(262,NULL,NULL,NULL,NULL,0,'2015-02-07 00:00:00',-2900,'201',2,NULL,NULL),(263,NULL,NULL,NULL,NULL,0,'2015-02-07 00:00:00',-829,'201',1,NULL,NULL),(264,NULL,NULL,NULL,NULL,0,'2015-02-07 00:00:00',-1242,'201',1,NULL,NULL),(265,NULL,NULL,NULL,NULL,0,'2015-02-07 00:00:00',-829,'201',1,NULL,NULL),(266,NULL,NULL,NULL,NULL,0,'2015-02-07 00:00:00',-700,'201',3,NULL,NULL),(267,NULL,NULL,NULL,NULL,0,'2015-02-07 00:00:00',-700,'201',3,NULL,NULL),(268,NULL,NULL,NULL,NULL,0,'2015-02-07 00:00:00',-2025,'201',1,NULL,NULL),(269,NULL,NULL,NULL,NULL,0,'2015-02-07 00:00:00',-675,'201',1,NULL,NULL),(270,NULL,NULL,NULL,NULL,0,'2015-02-08 00:00:00',-2900,'201',2,NULL,NULL),(271,NULL,NULL,NULL,NULL,0,'2015-02-08 00:00:00',-3097,'201',4,NULL,NULL),(272,NULL,NULL,NULL,NULL,0,'2015-02-08 00:00:00',2900,'202',2,NULL,NULL),(273,NULL,NULL,NULL,NULL,0,'2015-02-08 00:00:00',-250,'201',1,NULL,NULL),(274,NULL,NULL,NULL,NULL,0,'2015-02-08 00:00:00',-250,'201',1,NULL,NULL),(275,NULL,NULL,NULL,NULL,0,'2015-02-08 00:00:00',-500,'201',1,NULL,NULL),(276,NULL,NULL,NULL,NULL,0,'2015-02-09 00:00:00',13451.85,'101',4,NULL,1),(277,NULL,NULL,NULL,NULL,0,'2015-02-09 00:00:00',7822.22,'101',3,NULL,1),(278,NULL,NULL,NULL,NULL,0,'2015-02-09 00:00:00',881.48,'101',5,NULL,1),(279,NULL,NULL,NULL,NULL,0,'2015-02-09 00:00:00',-825,'201',1,NULL,NULL),(280,NULL,NULL,NULL,NULL,0,'2015-02-09 00:00:00',-1237.5,'201',1,NULL,NULL),(281,NULL,NULL,NULL,NULL,0,'2015-02-09 00:00:00',-1237.5,'201',1,NULL,NULL),(282,NULL,NULL,NULL,NULL,0,'2015-02-09 00:00:00',-1600,'201',1,NULL,NULL),(283,NULL,NULL,NULL,NULL,0,'2015-02-09 00:00:00',-1600,'201',1,NULL,NULL),(284,NULL,NULL,NULL,NULL,0,'2015-02-09 00:00:00',-1400,'201',2,NULL,NULL),(285,NULL,NULL,NULL,NULL,0,'2015-02-09 00:00:00',-822.22,'201',3,NULL,NULL),(286,NULL,NULL,NULL,NULL,0,'2015-02-09 00:00:00',-5297,'201',4,NULL,NULL),(287,NULL,NULL,NULL,NULL,0,'2015-02-09 00:00:00',-13451.85,'102',4,NULL,1),(288,NULL,NULL,NULL,NULL,0,'2015-02-09 00:00:00',-7822.22,'102',3,NULL,1),(289,NULL,NULL,NULL,NULL,0,'2015-02-09 00:00:00',-881.48,'102',5,NULL,1),(290,NULL,NULL,NULL,NULL,0,'2015-02-09 00:00:00',13451.85,'101',4,NULL,2),(291,NULL,NULL,NULL,NULL,0,'2015-02-09 00:00:00',7822.22,'101',3,NULL,2),(292,NULL,NULL,NULL,NULL,0,'2015-02-09 00:00:00',881.48,'101',5,NULL,2),(293,NULL,NULL,NULL,NULL,0,'2015-02-10 00:00:00',13355.56,'101',1,NULL,1),(294,NULL,NULL,NULL,NULL,0,'2015-02-10 00:00:00',8800,'101',2,NULL,1),(295,NULL,NULL,NULL,NULL,0,'2015-02-10 00:00:00',-800,'201',3,NULL,NULL),(296,NULL,NULL,NULL,NULL,0,'2015-02-10 00:00:00',-1400,'201',2,NULL,NULL),(297,NULL,NULL,NULL,NULL,0,'2015-02-10 00:00:00',-4373.85,'201',4,NULL,NULL),(298,NULL,NULL,NULL,NULL,0,'2015-02-10 00:00:00',-1169.64,'201',1,NULL,NULL),(299,NULL,NULL,NULL,NULL,0,'2015-02-10 00:00:00',-1754.46,'201',1,NULL,NULL),(300,NULL,NULL,NULL,NULL,0,'2015-02-10 00:00:00',-1754.46,'201',1,NULL,NULL),(301,NULL,NULL,NULL,NULL,0,'2015-02-10 00:00:00',-2438.5,'201',1,NULL,NULL),(302,NULL,NULL,NULL,NULL,0,'2015-02-10 00:00:00',-2438.5,'201',1,NULL,NULL),(303,NULL,NULL,NULL,NULL,0,'2015-02-10 00:00:00',-13355.56,'102',1,NULL,1),(304,NULL,NULL,NULL,NULL,0,'2015-02-10 00:00:00',-8800,'102',2,NULL,1),(305,NULL,NULL,NULL,NULL,0,'2015-02-10 00:00:00',13355.56,'101',1,NULL,2),(306,NULL,NULL,NULL,NULL,0,'2015-02-10 00:00:00',8800,'101',2,NULL,2),(307,NULL,NULL,NULL,NULL,0,'2015-02-11 00:00:00',-2463,'201',4,NULL,NULL),(308,NULL,NULL,NULL,NULL,0,'2015-02-11 00:00:00',-700,'201',2,NULL,NULL),(309,NULL,NULL,NULL,NULL,0,'2015-02-11 00:00:00',-550,'201',1,NULL,NULL),(310,NULL,NULL,NULL,NULL,0,'2015-02-11 00:00:00',-825,'201',1,NULL,NULL),(311,NULL,NULL,NULL,NULL,0,'2015-02-11 00:00:00',-825,'201',1,NULL,NULL),(312,NULL,NULL,NULL,NULL,0,'2015-02-11 00:00:00',-950,'201',1,NULL,NULL),(313,NULL,NULL,NULL,NULL,0,'2015-02-11 00:00:00',-950,'201',1,NULL,NULL),(314,NULL,NULL,NULL,NULL,0,'2015-02-11 00:00:00',-300,'201',3,NULL,NULL),(315,NULL,NULL,NULL,NULL,0,'2015-02-12 00:00:00',21577.78,'101',4,NULL,1),(316,NULL,NULL,NULL,NULL,0,'2015-02-12 00:00:00',651.85,'101',2,NULL,1),(317,NULL,NULL,NULL,NULL,0,'2015-02-12 00:00:00',-2051.85,'201',2,NULL,NULL),(318,NULL,NULL,NULL,NULL,0,'2015-02-12 00:00:00',-300,'201',3,NULL,NULL),(319,NULL,NULL,NULL,NULL,0,'2015-02-12 00:00:00',-576,'201',1,NULL,NULL),(320,NULL,NULL,NULL,NULL,0,'2015-02-12 00:00:00',-862,'201',1,NULL,NULL),(321,NULL,NULL,NULL,NULL,0,'2015-02-12 00:00:00',-862,'201',1,NULL,NULL),(322,NULL,NULL,NULL,NULL,0,'2015-02-12 00:00:00',-950,'201',1,NULL,NULL),(323,NULL,NULL,NULL,NULL,0,'2015-02-12 00:00:00',-950,'201',1,NULL,NULL),(324,NULL,NULL,NULL,NULL,0,'2015-02-12 00:00:00',-21577.78,'102',4,NULL,1),(325,NULL,NULL,NULL,NULL,0,'2015-02-12 00:00:00',-651.85,'102',2,NULL,1),(326,NULL,NULL,NULL,NULL,0,'2015-02-12 00:00:00',21577.78,'101',4,NULL,2),(327,NULL,NULL,NULL,NULL,0,'2015-02-12 00:00:00',651.85,'101',2,NULL,2),(328,NULL,NULL,NULL,NULL,0,'2015-02-12 00:00:00',-3861.78,'201',4,NULL,NULL),(329,NULL,NULL,NULL,NULL,0,'2015-02-13 00:00:00',22214.82,'101',1,NULL,1),(330,NULL,NULL,NULL,NULL,0,'2015-02-13 00:00:00',-22214.82,'102',1,NULL,1),(331,NULL,NULL,NULL,NULL,0,'2015-02-13 00:00:00',22214.82,'101',1,NULL,2),(332,NULL,NULL,NULL,NULL,0,'2015-02-13 00:00:00',-5556,'201',4,NULL,NULL),(333,NULL,NULL,NULL,NULL,0,'2015-02-13 00:00:00',-1805.56,'201',1,NULL,NULL),(334,NULL,NULL,NULL,NULL,0,'2015-02-13 00:00:00',-1805.56,'201',1,NULL,NULL),(335,NULL,NULL,NULL,NULL,0,'2015-02-13 00:00:00',-1203.71,'201',1,NULL,NULL),(336,NULL,NULL,NULL,NULL,0,'2015-02-13 00:00:00',-1600,'201',1,NULL,NULL),(337,NULL,NULL,NULL,NULL,0,'2015-02-13 00:00:00',-1600,'201',1,NULL,NULL),(338,NULL,NULL,NULL,NULL,0,'2015-02-13 00:00:00',-1300,'201',2,NULL,NULL),(339,NULL,NULL,NULL,NULL,0,'2015-02-13 00:00:00',-400,'201',3,NULL,NULL),(340,NULL,NULL,NULL,NULL,0,'2015-02-13 00:00:00',-200,'201',3,NULL,NULL),(341,NULL,NULL,NULL,NULL,0,'2015-02-13 00:00:00',-5556,'201',4,NULL,NULL),(342,NULL,NULL,NULL,NULL,0,'2015-02-13 00:00:00',5556,'202',4,NULL,NULL),(343,NULL,NULL,NULL,NULL,0,'2015-02-14 00:00:00',-5455,'201',4,NULL,NULL),(344,NULL,NULL,NULL,NULL,0,'2015-02-14 00:00:00',-3,'201',2,NULL,NULL),(345,NULL,NULL,NULL,NULL,0,'2015-02-14 00:00:00',-1200,'201',1,NULL,NULL),(346,NULL,NULL,NULL,NULL,0,'2015-02-14 00:00:00',-800,'201',1,NULL,NULL),(347,NULL,NULL,NULL,NULL,0,'2015-02-14 00:00:00',-1200,'201',1,NULL,NULL),(348,NULL,NULL,NULL,NULL,0,'2015-02-14 00:00:00',-1725,'201',1,NULL,NULL),(349,NULL,NULL,NULL,NULL,0,'2015-02-14 00:00:00',-1725,'201',1,NULL,NULL),(350,NULL,NULL,NULL,NULL,0,'2015-02-14 00:00:00',-300,'201',3,NULL,NULL),(351,NULL,NULL,NULL,NULL,0,'2015-02-14 00:00:00',-300,'201',3,NULL,NULL),(352,NULL,NULL,NULL,NULL,0,'2015-02-15 00:00:00',-4009,'201',4,NULL,NULL),(353,NULL,NULL,NULL,NULL,0,'2015-02-15 00:00:00',-800,'201',1,NULL,NULL),(354,NULL,NULL,NULL,NULL,0,'2015-02-15 00:00:00',-800,'201',1,NULL,NULL),(355,NULL,NULL,NULL,NULL,0,'2015-02-15 00:00:00',-1150,'201',1,NULL,NULL),(356,NULL,NULL,NULL,NULL,0,'2015-02-16 00:00:00',-4417,'201',4,NULL,NULL),(357,NULL,NULL,NULL,NULL,0,'2015-02-16 00:00:00',12607.41,'101',4,NULL,2),(358,NULL,NULL,NULL,NULL,0,'2015-02-16 00:00:00',7429.63,'101',2,NULL,2),(359,NULL,NULL,NULL,NULL,0,'2015-02-16 00:00:00',-800,'201',1,NULL,NULL),(360,NULL,NULL,NULL,NULL,0,'2015-02-16 00:00:00',-800,'201',1,NULL,NULL),(361,NULL,NULL,NULL,NULL,0,'2015-02-16 00:00:00',-1400,'201',1,NULL,NULL),(362,NULL,NULL,NULL,NULL,0,'2015-02-16 00:00:00',-1029.63,'201',2,NULL,NULL),(363,NULL,NULL,NULL,NULL,0,'2015-02-16 00:00:00',-800,'201',3,NULL,NULL),(364,NULL,NULL,NULL,NULL,0,'2015-02-17 00:00:00',19970.37,'101',1,NULL,2),(365,NULL,NULL,NULL,NULL,0,'2015-02-17 00:00:00',-1000,'201',2,NULL,NULL),(366,NULL,NULL,NULL,NULL,0,'2015-02-17 00:00:00',-200,'201',3,NULL,NULL),(367,NULL,NULL,NULL,NULL,0,'2015-02-17 00:00:00',-2992.41,'201',4,NULL,NULL),(368,NULL,NULL,NULL,NULL,0,'2015-02-17 00:00:00',-485.19,'201',1,NULL,NULL),(369,NULL,NULL,NULL,NULL,0,'2015-02-17 00:00:00',-485.19,'201',1,NULL,NULL),(370,NULL,NULL,NULL,NULL,0,'2015-02-17 00:00:00',-1650,'201',1,NULL,NULL),(371,NULL,NULL,NULL,NULL,0,'2015-02-18 00:00:00',9874.07,'101',1,NULL,2),(372,NULL,NULL,NULL,NULL,0,'2015-02-18 00:00:00',12348.15,'101',4,NULL,2),(373,NULL,NULL,NULL,NULL,0,'2015-02-18 00:00:00',-1157,'201',4,NULL,NULL),(374,NULL,NULL,NULL,NULL,0,'2015-02-18 00:00:00',-800,'201',2,NULL,NULL),(375,NULL,NULL,NULL,NULL,0,'2015-02-18 00:00:00',-700,'201',3,NULL,NULL),(376,NULL,NULL,NULL,NULL,0,'2015-02-18 00:00:00',-468.54,'201',1,NULL,NULL),(377,NULL,NULL,NULL,NULL,0,'2015-02-18 00:00:00',-312.36,'201',1,NULL,NULL),(378,NULL,NULL,NULL,NULL,0,'2015-02-18 00:00:00',-156.18,'201',1,NULL,NULL),(379,NULL,NULL,NULL,NULL,0,'2015-02-18 00:00:00',-1187,'201',1,NULL,NULL),(380,NULL,NULL,NULL,NULL,0,'2015-02-19 00:00:00',-1592,'201',4,NULL,NULL),(381,NULL,NULL,NULL,NULL,0,'2015-02-20 00:00:00',-1200,'201',1,NULL,NULL),(382,NULL,NULL,NULL,NULL,0,'2015-02-20 00:00:00',-1200,'201',1,NULL,NULL),(383,NULL,NULL,NULL,NULL,0,'2015-02-20 00:00:00',-1277.15,'201',4,NULL,NULL),(384,NULL,NULL,NULL,NULL,0,'2015-02-20 00:00:00',-2400,'201',1,NULL,NULL),(385,NULL,NULL,NULL,NULL,0,'2015-02-20 00:00:00',-800,'201',2,NULL,NULL),(386,NULL,NULL,NULL,NULL,0,'2015-02-20 00:00:00',-400,'201',3,NULL,NULL),(387,NULL,NULL,NULL,NULL,0,'2015-02-21 00:00:00',-2362,'201',4,NULL,NULL),(388,NULL,NULL,NULL,NULL,0,'2015-02-21 00:00:00',-600,'201',1,NULL,NULL),(389,NULL,NULL,NULL,NULL,0,'2015-02-21 00:00:00',-600,'201',1,NULL,NULL),(390,NULL,NULL,NULL,NULL,0,'2015-02-21 00:00:00',-2,'201',1,NULL,NULL),(391,NULL,NULL,NULL,NULL,0,'2015-02-21 00:00:00',-2100,'201',2,NULL,NULL),(392,NULL,NULL,NULL,NULL,0,'2015-02-21 00:00:00',-300,'201',3,NULL,NULL),(393,NULL,NULL,NULL,NULL,0,'2015-02-22 00:00:00',-2622,'201',4,NULL,NULL),(394,NULL,NULL,NULL,NULL,0,'2015-02-23 00:00:00',-3736,'201',4,NULL,NULL),(395,NULL,NULL,NULL,NULL,0,'2015-02-23 00:00:00',-700,'201',2,NULL,NULL),(396,NULL,NULL,NULL,NULL,0,'2015-02-23 00:00:00',-100,'201',1,NULL,NULL),(397,NULL,NULL,NULL,NULL,0,'2015-02-23 00:00:00',-100,'201',1,NULL,NULL),(398,NULL,NULL,NULL,NULL,0,'2015-02-23 00:00:00',-300,'201',3,NULL,NULL),(399,NULL,NULL,NULL,NULL,0,'2015-02-24 00:00:00',6177.78,'101',2,NULL,2),(400,NULL,NULL,NULL,NULL,0,'2015-02-24 00:00:00',800,'101',1,NULL,2),(401,NULL,NULL,NULL,NULL,0,'2015-02-24 00:00:00',6725.93,'101',3,NULL,2),(402,NULL,NULL,NULL,NULL,0,'2015-02-24 00:00:00',8548.15,'101',4,NULL,2),(403,NULL,NULL,NULL,NULL,0,'2015-02-24 00:00:00',-2318,'201',4,NULL,NULL),(404,NULL,NULL,NULL,NULL,0,'2015-02-24 00:00:00',-900,'201',1,NULL,NULL),(405,NULL,NULL,NULL,NULL,0,'2015-02-24 00:00:00',-900,'201',1,NULL,NULL),(406,NULL,NULL,NULL,NULL,0,'2015-02-24 00:00:00',-1700,'201',1,NULL,NULL),(407,NULL,NULL,NULL,NULL,0,'2015-02-24 00:00:00',-325.93,'201',3,NULL,NULL),(408,NULL,NULL,NULL,NULL,0,'2015-02-24 00:00:00',-1477.78,'201',2,NULL,NULL),(409,NULL,NULL,NULL,NULL,0,'2015-02-25 00:00:00',-300,'201',3,NULL,NULL),(410,NULL,NULL,NULL,NULL,0,'2015-02-25 00:00:00',-150,'201',1,NULL,NULL),(411,NULL,NULL,NULL,NULL,0,'2015-02-25 00:00:00',-150,'201',1,NULL,NULL),(412,NULL,NULL,NULL,NULL,0,'2015-02-25 00:00:00',-350,'201',1,NULL,NULL),(413,NULL,NULL,NULL,NULL,0,'2015-02-25 00:00:00',-1698.15,'201',4,NULL,NULL),(414,NULL,NULL,NULL,NULL,0,'2015-02-25 00:00:00',-500,'201',2,NULL,NULL),(415,NULL,NULL,NULL,NULL,0,'2015-02-26 00:00:00',-1864,'201',4,NULL,NULL),(416,NULL,NULL,NULL,NULL,0,'2015-02-26 00:00:00',-300,'201',3,NULL,NULL),(417,NULL,NULL,NULL,NULL,0,'2015-02-26 00:00:00',-200,'201',2,NULL,NULL),(418,NULL,NULL,NULL,NULL,0,'2015-02-26 00:00:00',-225,'201',1,NULL,NULL),(419,NULL,NULL,NULL,NULL,0,'2015-02-26 00:00:00',-225,'201',1,NULL,NULL),(420,NULL,NULL,NULL,NULL,0,'2015-02-27 00:00:00',7407.41,'101',5,NULL,3),(421,NULL,NULL,NULL,NULL,0,'2015-02-27 00:00:00',-2403,'201',4,NULL,NULL),(422,NULL,NULL,NULL,NULL,0,'2015-02-27 00:00:00',-400,'201',3,NULL,NULL),(423,NULL,NULL,NULL,NULL,0,'2015-02-27 00:00:00',-1600,'201',2,NULL,NULL),(424,NULL,NULL,NULL,NULL,0,'2015-02-27 00:00:00',-625,'201',1,NULL,NULL),(425,NULL,NULL,NULL,NULL,0,'2015-02-27 00:00:00',-625,'201',1,NULL,NULL),(426,NULL,NULL,NULL,NULL,0,'2015-02-27 00:00:00',-700,'201',1,NULL,NULL),(427,NULL,NULL,NULL,NULL,0,'2015-02-28 00:00:00',12570.37,'101',4,NULL,2),(428,NULL,NULL,NULL,NULL,0,'2015-02-28 00:00:00',1651.85,'101',5,NULL,2),(429,NULL,NULL,NULL,NULL,0,'2015-02-28 00:00:00',874.07,'101',1,NULL,2),(430,NULL,NULL,NULL,NULL,0,'2015-02-28 00:00:00',4911.11,'101',2,NULL,2),(431,NULL,NULL,NULL,NULL,0,'2015-02-28 00:00:00',-3179,'201',4,NULL,NULL),(432,NULL,NULL,NULL,NULL,0,'2015-02-28 00:00:00',-400,'201',3,NULL,NULL),(433,NULL,NULL,NULL,NULL,0,'2015-02-28 00:00:00',-3311.11,'201',2,NULL,NULL),(434,NULL,NULL,NULL,NULL,0,'2015-03-01 00:00:00',-5257,'201',4,NULL,NULL),(435,NULL,NULL,NULL,NULL,0,'2015-03-02 00:00:00',-4134.37,'201',4,NULL,NULL),(436,NULL,NULL,NULL,NULL,0,'2015-03-02 00:00:00',-700,'201',1,NULL,NULL),(437,NULL,NULL,NULL,NULL,0,'2015-03-02 00:00:00',-750,'201',1,NULL,NULL),(438,NULL,NULL,NULL,NULL,0,'2015-03-02 00:00:00',-750,'201',1,NULL,NULL),(439,NULL,NULL,NULL,NULL,0,'2015-03-02 00:00:00',-2100,'201',1,NULL,NULL),(440,NULL,NULL,NULL,NULL,0,'2015-03-02 00:00:00',-124.07,'201',1,NULL,NULL),(441,NULL,NULL,NULL,NULL,0,'2015-03-02 00:00:00',-300,'201',3,NULL,NULL),(442,NULL,NULL,NULL,NULL,0,'2015-03-03 00:00:00',14970.37,'101',4,NULL,2),(443,NULL,NULL,NULL,NULL,0,'2015-03-03 00:00:00',4977.78,'101',1,NULL,2),(444,NULL,NULL,NULL,NULL,0,'2015-03-03 00:00:00',-6515,'201',4,NULL,NULL),(445,NULL,NULL,NULL,NULL,0,'2015-03-03 00:00:00',-1600,'201',2,NULL,NULL),(446,NULL,NULL,NULL,NULL,0,'2015-03-03 00:00:00',-600,'201',3,NULL,NULL),(447,NULL,NULL,NULL,NULL,0,'2015-03-03 00:00:00',-1081,'201',1,NULL,NULL),(448,NULL,NULL,NULL,NULL,0,'2015-03-03 00:00:00',-723.78,'201',1,NULL,NULL),(449,NULL,NULL,NULL,NULL,0,'2015-03-03 00:00:00',-1081,'201',1,NULL,NULL),(450,NULL,NULL,NULL,NULL,0,'2015-03-03 00:00:00',-3110,'201',1,NULL,NULL),(451,NULL,NULL,NULL,NULL,0,'2015-03-04 00:00:00',-3138,'201',4,NULL,NULL),(452,NULL,NULL,NULL,NULL,0,'2015-03-04 00:00:00',-961,'201',1,NULL,NULL),(453,NULL,NULL,NULL,NULL,0,'2015-03-04 00:00:00',-1443,'201',1,NULL,NULL),(454,NULL,NULL,NULL,NULL,0,'2015-03-04 00:00:00',-2078,'201',1,NULL,NULL),(455,NULL,NULL,NULL,NULL,0,'2015-03-05 00:00:00',-500,'201',3,NULL,NULL),(456,NULL,NULL,NULL,NULL,0,'2015-03-05 00:00:00',-640,'201',1,NULL,NULL),(457,NULL,NULL,NULL,NULL,0,'2015-03-05 00:00:00',-960,'201',1,NULL,NULL),(458,NULL,NULL,NULL,NULL,0,'2015-03-05 00:00:00',-1500,'201',1,NULL,NULL),(459,NULL,NULL,NULL,NULL,0,'2015-03-05 00:00:00',-900,'201',2,NULL,NULL),(460,NULL,NULL,NULL,NULL,0,'2015-03-05 00:00:00',-3181.37,'201',4,NULL,NULL),(461,NULL,NULL,NULL,NULL,0,'2015-03-06 00:00:00',9444.44,'101',4,NULL,1),(462,NULL,NULL,NULL,NULL,0,'2015-03-06 00:00:00',10511.11,'101',1,NULL,1),(463,NULL,NULL,NULL,NULL,0,'2015-03-06 00:00:00',-4223,'201',4,NULL,NULL),(464,NULL,NULL,NULL,NULL,0,'2015-03-06 00:00:00',-2,'201',2,NULL,NULL),(465,NULL,NULL,NULL,NULL,0,'2015-03-06 00:00:00',-578.06,'201',1,NULL,NULL),(466,NULL,NULL,NULL,NULL,0,'2015-03-06 00:00:00',-385.37,'201',1,NULL,NULL),(467,NULL,NULL,NULL,NULL,0,'2015-03-06 00:00:00',-192.69,'201',1,NULL,NULL),(468,NULL,NULL,NULL,NULL,0,'2015-03-06 00:00:00',-1455,'201',1,NULL,NULL),(469,NULL,NULL,NULL,NULL,0,'2015-03-06 00:00:00',-9444.44,'102',4,NULL,1),(470,NULL,NULL,NULL,NULL,0,'2015-03-06 00:00:00',-10511.11,'102',1,NULL,1),(471,NULL,NULL,NULL,NULL,0,'2015-03-06 00:00:00',9444.44,'101',4,NULL,2),(472,NULL,NULL,NULL,NULL,0,'2015-03-06 00:00:00',10511.11,'101',1,NULL,2),(473,NULL,NULL,NULL,NULL,0,'2015-03-06 00:00:00',-500,'201',3,NULL,NULL),(474,NULL,NULL,NULL,NULL,0,'2015-03-07 00:00:00',-5087.44,'201',4,NULL,NULL),(475,NULL,NULL,NULL,NULL,0,'2015-03-07 00:00:00',-4200,'201',2,NULL,NULL),(476,NULL,NULL,NULL,NULL,0,'2015-03-07 00:00:00',-930,'201',1,NULL,NULL),(477,NULL,NULL,NULL,NULL,0,'2015-03-07 00:00:00',-930,'201',1,NULL,NULL),(478,NULL,NULL,NULL,NULL,0,'2015-03-07 00:00:00',-1860,'201',1,NULL,NULL),(479,NULL,NULL,NULL,NULL,0,'2015-03-07 00:00:00',-600,'201',3,NULL,NULL),(480,NULL,NULL,NULL,NULL,0,'2015-03-08 00:00:00',-4366,'201',4,NULL,NULL),(481,NULL,NULL,NULL,NULL,0,'2015-03-08 00:00:00',-616,'201',1,NULL,NULL),(482,NULL,NULL,NULL,NULL,0,'2015-03-08 00:00:00',-924,'201',1,NULL,NULL),(483,NULL,NULL,NULL,NULL,0,'2015-03-08 00:00:00',-1240,'201',1,NULL,NULL),(484,NULL,NULL,NULL,NULL,0,'2015-03-09 00:00:00',222.22,'101',3,NULL,4),(485,NULL,NULL,NULL,NULL,0,'2015-03-09 00:00:00',10540.74,'101',2,NULL,4),(486,NULL,NULL,NULL,NULL,0,'2015-03-09 00:00:00',-5470,'201',4,NULL,NULL),(487,NULL,NULL,NULL,NULL,0,'2015-03-09 00:00:00',-100,'201',3,NULL,NULL),(488,NULL,NULL,NULL,NULL,0,'2015-03-09 00:00:00',-1240,'201',1,NULL,NULL),(489,NULL,NULL,NULL,NULL,0,'2015-03-09 00:00:00',-1230,'201',1,NULL,NULL),(490,NULL,NULL,NULL,NULL,0,'2015-03-09 00:00:00',-1230,'201',1,NULL,NULL),(491,NULL,NULL,NULL,NULL,0,'2015-03-09 00:00:00',-2000,'201',1,NULL,NULL),(492,NULL,NULL,NULL,NULL,0,'2015-03-09 00:00:00',-2000,'201',1,NULL,NULL),(493,NULL,NULL,NULL,NULL,0,'2015-03-09 00:00:00',-2240.74,'201',2,NULL,NULL),(494,NULL,NULL,NULL,NULL,0,'2015-03-09 00:00:00',-500,'201',3,NULL,NULL),(495,NULL,NULL,NULL,NULL,0,'2015-03-10 00:00:00',4985.19,'101',4,NULL,4),(496,NULL,NULL,NULL,NULL,0,'2015-03-10 00:00:00',15051.85,'101',1,NULL,4),(497,NULL,NULL,NULL,NULL,0,'2015-03-10 00:00:00',-4886,'201',4,NULL,NULL),(498,NULL,NULL,NULL,NULL,0,'2015-03-10 00:00:00',-1885,'201',1,NULL,NULL),(499,NULL,NULL,NULL,NULL,0,'2015-03-10 00:00:00',-1256.85,'201',1,NULL,NULL),(500,NULL,NULL,NULL,NULL,0,'2015-03-10 00:00:00',-1885,'201',1,NULL,NULL),(501,NULL,NULL,NULL,NULL,0,'2015-03-10 00:00:00',-2312.5,'201',1,NULL,NULL),(502,NULL,NULL,NULL,NULL,0,'2015-03-10 00:00:00',-2312.5,'201',1,NULL,NULL),(503,NULL,NULL,NULL,NULL,0,'2015-03-10 00:00:00',-622.22,'201',3,NULL,NULL),(504,NULL,NULL,NULL,NULL,0,'2015-03-10 00:00:00',-259.26,'201',2,NULL,NULL),(505,NULL,NULL,NULL,NULL,0,'2015-03-11 00:00:00',17888.89,'101',1,NULL,2),(506,NULL,NULL,NULL,NULL,0,'2015-03-11 00:00:00',-17888.89,'102',1,NULL,2),(507,NULL,NULL,NULL,NULL,0,'2015-03-11 00:00:00',8014.82,'101',4,NULL,4),(508,NULL,NULL,NULL,NULL,0,'2015-03-11 00:00:00',11992.59,'101',1,NULL,4),(509,NULL,NULL,NULL,NULL,0,'2015-03-11 00:00:00',-5730,'201',4,NULL,NULL),(510,NULL,NULL,NULL,NULL,0,'2015-03-11 00:00:00',-500,'201',3,NULL,NULL),(511,NULL,NULL,NULL,NULL,0,'2015-03-11 00:00:00',-1798.72,'201',1,NULL,NULL),(512,NULL,NULL,NULL,NULL,0,'2015-03-11 00:00:00',-1199.15,'201',1,NULL,NULL),(513,NULL,NULL,NULL,NULL,0,'2015-03-11 00:00:00',-1798.72,'201',1,NULL,NULL),(514,NULL,NULL,NULL,NULL,0,'2015-03-11 00:00:00',-2398,'201',1,NULL,NULL),(515,NULL,NULL,NULL,NULL,0,'2015-03-11 00:00:00',-2398,'201',1,NULL,NULL),(516,NULL,NULL,NULL,NULL,0,'2015-03-11 00:00:00',-900,'201',2,NULL,NULL),(517,NULL,NULL,NULL,NULL,0,'2015-03-12 00:00:00',13540.74,'101',4,NULL,4),(518,NULL,NULL,NULL,NULL,0,'2015-03-12 00:00:00',8718.52,'101',1,NULL,4),(519,NULL,NULL,NULL,NULL,0,'2015-03-12 00:00:00',-5020,'201',4,NULL,NULL),(520,NULL,NULL,NULL,NULL,0,'2015-03-12 00:00:00',-659.82,'201',1,NULL,NULL),(521,NULL,NULL,NULL,NULL,0,'2015-03-12 00:00:00',-439.88,'201',1,NULL,NULL),(522,NULL,NULL,NULL,NULL,0,'2015-03-12 00:00:00',-659.82,'201',1,NULL,NULL),(523,NULL,NULL,NULL,NULL,0,'2015-03-12 00:00:00',-979.5,'201',1,NULL,NULL),(524,NULL,NULL,NULL,NULL,0,'2015-03-12 00:00:00',-979.5,'201',1,NULL,NULL),(525,NULL,NULL,NULL,NULL,0,'2015-03-12 00:00:00',-400,'201',3,NULL,NULL),(526,NULL,NULL,NULL,NULL,0,'2015-03-12 00:00:00',-1900,'201',2,NULL,NULL),(527,NULL,NULL,NULL,NULL,0,'2015-03-13 00:00:00',9681.48,'101',4,NULL,4),(528,NULL,NULL,NULL,NULL,0,'2015-03-13 00:00:00',12577.78,'101',1,NULL,4),(529,NULL,NULL,NULL,NULL,0,'2015-03-13 00:00:00',-27.78,'201',5,NULL,NULL),(530,NULL,NULL,NULL,NULL,0,'2015-03-13 00:00:00',-900,'201',2,NULL,NULL),(531,NULL,NULL,NULL,NULL,0,'2015-03-13 00:00:00',-746.17,'201',1,NULL,NULL),(532,NULL,NULL,NULL,NULL,0,'2015-03-13 00:00:00',-497.45,'201',1,NULL,NULL),(533,NULL,NULL,NULL,NULL,0,'2015-03-13 00:00:00',-746.17,'201',1,NULL,NULL),(534,NULL,NULL,NULL,NULL,0,'2015-03-13 00:00:00',-1244,'201',1,NULL,NULL),(535,NULL,NULL,NULL,NULL,0,'2015-03-13 00:00:00',-1244,'201',1,NULL,NULL),(536,NULL,NULL,NULL,NULL,0,'2015-03-13 00:00:00',-4926.22,'201',4,NULL,NULL),(537,NULL,NULL,NULL,NULL,0,'2015-03-13 00:00:00',-1150,'201',3,NULL,NULL),(538,NULL,NULL,NULL,NULL,0,'2015-03-14 00:00:00',5348.15,'101',4,NULL,4),(539,NULL,NULL,NULL,NULL,0,'2015-03-14 00:00:00',7370.37,'101',3,NULL,4),(540,NULL,NULL,NULL,NULL,0,'2015-03-14 00:00:00',800,'101',5,NULL,4),(541,NULL,NULL,NULL,NULL,0,'2015-03-14 00:00:00',6481.48,'101',2,NULL,4),(542,NULL,NULL,NULL,NULL,0,'2015-03-14 00:00:00',-4987.15,'201',4,NULL,NULL),(543,NULL,NULL,NULL,NULL,0,'2015-03-14 00:00:00',-2481.48,'201',2,NULL,NULL),(544,NULL,NULL,NULL,NULL,0,'2015-03-14 00:00:00',-701,'201',1,NULL,NULL),(545,NULL,NULL,NULL,NULL,0,'2015-03-14 00:00:00',-468,'201',1,NULL,NULL),(546,NULL,NULL,NULL,NULL,0,'2015-03-14 00:00:00',-701,'201',1,NULL,NULL),(547,NULL,NULL,NULL,NULL,0,'2015-03-14 00:00:00',-1200,'201',1,NULL,NULL),(548,NULL,NULL,NULL,NULL,0,'2015-03-14 00:00:00',-1200,'201',1,NULL,NULL),(549,NULL,NULL,NULL,NULL,0,'2015-03-14 00:00:00',-1320.37,'201',3,NULL,NULL),(550,NULL,NULL,NULL,NULL,0,'2015-03-15 00:00:00',-5918,'201',4,NULL,NULL),(551,NULL,NULL,NULL,NULL,0,'2015-03-15 00:00:00',-465,'201',1,NULL,NULL),(552,NULL,NULL,NULL,NULL,0,'2015-03-15 00:00:00',-465,'201',1,NULL,NULL),(553,NULL,NULL,NULL,NULL,0,'2015-03-16 00:00:00',-4504,'201',4,NULL,NULL),(554,NULL,NULL,NULL,NULL,0,'2015-03-16 00:00:00',-2,'201',2,NULL,NULL),(555,NULL,NULL,NULL,NULL,0,'2015-03-16 00:00:00',-1760,'201',1,NULL,NULL),(556,NULL,NULL,NULL,NULL,0,'2015-03-16 00:00:00',-880,'201',1,NULL,NULL),(557,NULL,NULL,NULL,NULL,0,'2015-03-16 00:00:00',-1760,'201',1,NULL,NULL),(558,NULL,NULL,NULL,NULL,0,'2015-03-16 00:00:00',-1400,'201',1,NULL,NULL),(559,NULL,NULL,NULL,NULL,0,'2015-03-16 00:00:00',-2800,'201',1,NULL,NULL),(560,NULL,NULL,NULL,NULL,0,'2015-03-16 00:00:00',-1300,'201',3,NULL,NULL),(561,NULL,NULL,NULL,NULL,0,'2015-03-17 00:00:00',14674.07,'101',1,NULL,4),(562,NULL,NULL,NULL,NULL,0,'2015-03-17 00:00:00',7525.93,'101',4,NULL,4),(563,NULL,NULL,NULL,NULL,0,'2015-03-17 00:00:00',-2353,'201',4,NULL,NULL),(564,NULL,NULL,NULL,NULL,0,'2015-03-17 00:00:00',-1300,'201',3,NULL,NULL),(565,NULL,NULL,NULL,NULL,0,'2015-03-17 00:00:00',-463.94,'201',1,NULL,NULL),(566,NULL,NULL,NULL,NULL,0,'2015-03-17 00:00:00',-309.19,'201',1,NULL,NULL),(567,NULL,NULL,NULL,NULL,0,'2015-03-17 00:00:00',-463.94,'201',1,NULL,NULL),(568,NULL,NULL,NULL,NULL,0,'2015-03-17 00:00:00',-615,'201',1,NULL,NULL),(569,NULL,NULL,NULL,NULL,0,'2015-03-17 00:00:00',-922,'201',1,NULL,NULL),(570,NULL,NULL,NULL,NULL,0,'2015-03-17 00:00:00',-1000,'201',2,NULL,NULL),(571,NULL,NULL,NULL,NULL,0,'2015-03-18 00:00:00',10103.7,'101',4,NULL,4),(572,NULL,NULL,NULL,NULL,0,'2015-03-18 00:00:00',12162.96,'101',1,NULL,4),(573,NULL,NULL,NULL,NULL,0,'2015-03-18 00:00:00',-3354,'201',4,NULL,NULL),(574,NULL,NULL,NULL,NULL,0,'2015-03-18 00:00:00',-300,'201',3,NULL,NULL),(575,NULL,NULL,NULL,NULL,0,'2015-03-18 00:00:00',-400,'201',2,NULL,NULL),(576,NULL,NULL,NULL,NULL,0,'2015-03-18 00:00:00',-855.74,'201',1,NULL,NULL),(577,NULL,NULL,NULL,NULL,0,'2015-03-18 00:00:00',-570.49,'201',1,NULL,NULL),(578,NULL,NULL,NULL,NULL,0,'2015-03-18 00:00:00',-855.74,'201',1,NULL,NULL),(579,NULL,NULL,NULL,NULL,0,'2015-03-18 00:00:00',-832,'201',1,NULL,NULL),(580,NULL,NULL,NULL,NULL,0,'2015-03-18 00:00:00',-1249,'201',1,NULL,NULL),(581,NULL,NULL,NULL,NULL,0,'2015-03-19 00:00:00',-3351.63,'201',4,NULL,NULL),(582,NULL,NULL,NULL,NULL,0,'2015-03-19 00:00:00',-250,'201',3,NULL,NULL),(583,NULL,NULL,NULL,NULL,0,'2015-03-19 00:00:00',-5900,'201',2,NULL,NULL),(584,NULL,NULL,NULL,NULL,0,'2015-03-19 00:00:00',-975,'201',1,NULL,NULL),(585,NULL,NULL,NULL,NULL,0,'2015-03-19 00:00:00',-650,'201',1,NULL,NULL),(586,NULL,NULL,NULL,NULL,0,'2015-03-19 00:00:00',-975,'201',1,NULL,NULL),(587,NULL,NULL,NULL,NULL,0,'2015-03-19 00:00:00',-1040,'201',1,NULL,NULL),(588,NULL,NULL,NULL,NULL,0,'2015-03-19 00:00:00',-1560,'201',1,NULL,NULL),(589,NULL,NULL,NULL,NULL,0,'2015-03-19 00:00:00',5900,'202',2,NULL,NULL),(590,NULL,NULL,NULL,NULL,0,'2015-03-19 00:00:00',-900,'201',2,NULL,NULL),(591,NULL,NULL,NULL,NULL,0,'2015-03-20 00:00:00',6940.74,'101',4,NULL,4),(592,NULL,NULL,NULL,NULL,0,'2015-03-20 00:00:00',6874.07,'101',1,NULL,4),(593,NULL,NULL,NULL,NULL,0,'2015-03-20 00:00:00',6155.56,'101',2,NULL,4),(594,NULL,NULL,NULL,NULL,0,'2015-03-20 00:00:00',-4039,'201',4,NULL,NULL),(595,NULL,NULL,NULL,NULL,0,'2015-03-20 00:00:00',-400,'201',3,NULL,NULL),(596,NULL,NULL,NULL,NULL,0,'2015-03-20 00:00:00',-1152.78,'201',1,NULL,NULL),(597,NULL,NULL,NULL,NULL,0,'2015-03-20 00:00:00',-768.52,'201',1,NULL,NULL),(598,NULL,NULL,NULL,NULL,0,'2015-03-20 00:00:00',-1152.78,'201',1,NULL,NULL),(599,NULL,NULL,NULL,NULL,0,'2015-03-20 00:00:00',-1200,'201',1,NULL,NULL),(600,NULL,NULL,NULL,NULL,0,'2015-03-20 00:00:00',-1800,'201',1,NULL,NULL),(601,NULL,NULL,NULL,NULL,0,'2015-03-20 00:00:00',-1455.36,'201',2,NULL,NULL),(602,NULL,NULL,NULL,NULL,0,'2015-03-20 00:00:00',1455.36,'202',2,NULL,NULL),(603,NULL,NULL,NULL,NULL,0,'2015-03-20 00:00:00',-1455.56,'201',2,NULL,NULL),(604,NULL,NULL,NULL,NULL,0,'2015-03-21 00:00:00',-4449.74,'201',4,NULL,NULL),(605,NULL,NULL,NULL,NULL,0,'2015-03-21 00:00:00',-3,'201',2,NULL,NULL),(606,NULL,NULL,NULL,NULL,0,'2015-03-21 00:00:00',-250,'201',3,NULL,NULL),(607,NULL,NULL,NULL,NULL,0,'2015-03-21 00:00:00',-651,'201',1,NULL,NULL),(608,NULL,NULL,NULL,NULL,0,'2015-03-21 00:00:00',-433,'201',1,NULL,NULL),(609,NULL,NULL,NULL,NULL,0,'2015-03-21 00:00:00',-651,'201',1,NULL,NULL),(610,NULL,NULL,NULL,NULL,0,'2015-03-21 00:00:00',-600,'201',1,NULL,NULL),(611,NULL,NULL,NULL,NULL,0,'2015-03-21 00:00:00',-900,'201',1,NULL,NULL),(612,NULL,NULL,NULL,NULL,0,'2015-03-22 00:00:00',-6374,'201',4,NULL,NULL),(613,NULL,NULL,NULL,NULL,0,'2015-03-22 00:00:00',-900,'201',1,NULL,NULL),(614,NULL,NULL,NULL,NULL,0,'2015-03-22 00:00:00',-216,'201',1,NULL,NULL),(615,NULL,NULL,NULL,NULL,0,'2015-03-22 00:00:00',-649,'201',1,NULL,NULL),(616,NULL,NULL,NULL,NULL,0,'2015-03-23 00:00:00',15007.41,'101',4,NULL,4),(617,NULL,NULL,NULL,NULL,0,'2015-03-23 00:00:00',7244.44,'101',1,NULL,4),(618,NULL,NULL,NULL,NULL,0,'2015-03-23 00:00:00',-4996.41,'201',4,NULL,NULL),(619,NULL,NULL,NULL,NULL,0,'2015-03-23 00:00:00',-100,'201',3,NULL,NULL),(620,NULL,NULL,NULL,NULL,0,'2015-03-23 00:00:00',-1177.84,'201',1,NULL,NULL),(621,NULL,NULL,NULL,NULL,0,'2015-03-23 00:00:00',-1766.76,'201',1,NULL,NULL),(622,NULL,NULL,NULL,NULL,0,'2015-03-23 00:00:00',-1177.84,'201',1,NULL,NULL),(623,NULL,NULL,NULL,NULL,0,'2015-03-23 00:00:00',-2011,'201',1,NULL,NULL),(624,NULL,NULL,NULL,NULL,0,'2015-03-23 00:00:00',-2011,'201',1,NULL,NULL),(625,NULL,NULL,NULL,NULL,0,'2015-03-23 00:00:00',-1200,'201',2,NULL,NULL),(626,NULL,NULL,NULL,NULL,0,'2015-03-24 00:00:00',-4100,'201',2,NULL,NULL),(627,NULL,NULL,NULL,NULL,0,'2015-03-24 00:00:00',-5089.41,'201',4,NULL,NULL),(628,NULL,NULL,NULL,NULL,0,'2015-03-24 00:00:00',-2271.5,'201',1,NULL,NULL),(629,NULL,NULL,NULL,NULL,0,'2015-03-24 00:00:00',-2271.5,'201',1,NULL,NULL),(630,NULL,NULL,NULL,NULL,0,'2015-03-24 00:00:00',-757,'201',1,NULL,NULL),(631,NULL,NULL,NULL,NULL,0,'2015-03-24 00:00:00',-2400,'201',1,NULL,NULL),(632,NULL,NULL,NULL,NULL,0,'2015-03-24 00:00:00',-2400,'201',1,NULL,NULL),(633,NULL,NULL,NULL,NULL,0,'2015-03-24 00:00:00',-900,'201',3,NULL,NULL),(634,NULL,NULL,NULL,NULL,0,'2015-03-25 00:00:00',7844.44,'101',2,NULL,4),(635,NULL,NULL,NULL,NULL,0,'2015-03-25 00:00:00',14385.19,'101',1,NULL,4),(636,NULL,NULL,NULL,NULL,0,'2015-03-25 00:00:00',7385.19,'101',5,NULL,3),(637,NULL,NULL,NULL,NULL,0,'2015-03-25 00:00:00',-4660,'201',4,NULL,NULL),(638,NULL,NULL,NULL,NULL,0,'2015-03-25 00:00:00',-844.44,'201',2,NULL,NULL),(639,NULL,NULL,NULL,NULL,0,'2015-03-25 00:00:00',-500,'201',3,NULL,NULL),(640,NULL,NULL,NULL,NULL,0,'2015-03-25 00:00:00',-1197.08,'201',1,NULL,NULL),(641,NULL,NULL,NULL,NULL,0,'2015-03-25 00:00:00',-1197.08,'201',1,NULL,NULL),(642,NULL,NULL,NULL,NULL,0,'2015-03-25 00:00:00',-399.03,'201',1,NULL,NULL),(643,NULL,NULL,NULL,NULL,0,'2015-03-25 00:00:00',-1696,'201',1,NULL,NULL),(644,NULL,NULL,NULL,NULL,0,'2015-03-25 00:00:00',-1696,'201',1,NULL,NULL),(645,NULL,NULL,NULL,NULL,0,'2015-03-26 00:00:00',14266.67,'101',4,NULL,5),(646,NULL,NULL,NULL,NULL,0,'2015-03-26 00:00:00',5748.15,'101',1,NULL,5),(647,NULL,NULL,NULL,NULL,0,'2015-03-26 00:00:00',-4754.59,'201',4,NULL,NULL),(648,NULL,NULL,NULL,NULL,0,'2015-03-26 00:00:00',-500,'201',3,NULL,NULL),(649,NULL,NULL,NULL,NULL,0,'2015-03-26 00:00:00',-210,'201',1,NULL,NULL),(650,NULL,NULL,NULL,NULL,0,'2015-03-26 00:00:00',-1369.07,'201',1,NULL,NULL),(651,NULL,NULL,NULL,NULL,0,'2015-03-26 00:00:00',-1369.07,'201',1,NULL,NULL),(652,NULL,NULL,NULL,NULL,0,'2015-03-26 00:00:00',-737,'201',1,NULL,NULL),(653,NULL,NULL,NULL,NULL,0,'2015-03-26 00:00:00',-737,'201',1,NULL,NULL),(654,NULL,NULL,NULL,NULL,0,'2015-03-26 00:00:00',1369.07,'202',1,NULL,NULL),(655,NULL,NULL,NULL,NULL,0,'2015-03-26 00:00:00',1369.07,'202',1,NULL,NULL),(656,NULL,NULL,NULL,NULL,0,'2015-03-26 00:00:00',-632.07,'201',1,NULL,NULL),(657,NULL,NULL,NULL,NULL,0,'2015-03-26 00:00:00',-632.07,'201',1,NULL,NULL),(658,NULL,NULL,NULL,NULL,0,'2015-03-26 00:00:00',-1200,'201',2,NULL,NULL),(659,NULL,NULL,NULL,NULL,0,'2015-03-27 00:00:00',5207.41,'101',4,NULL,5),(660,NULL,NULL,NULL,NULL,0,'2015-03-27 00:00:00',14777.78,'101',1,NULL,5),(661,NULL,NULL,NULL,NULL,0,'2015-03-27 00:00:00',-700,'201',2,NULL,NULL),(662,NULL,NULL,NULL,NULL,0,'2015-03-27 00:00:00',-400,'201',3,NULL,NULL),(663,NULL,NULL,NULL,NULL,0,'2015-03-27 00:00:00',-156,'201',1,NULL,NULL),(664,NULL,NULL,NULL,NULL,0,'2015-03-27 00:00:00',-466.89,'201',1,NULL,NULL),(665,NULL,NULL,NULL,NULL,0,'2015-03-27 00:00:00',-466.89,'201',1,NULL,NULL),(666,NULL,NULL,NULL,NULL,0,'2015-03-27 00:00:00',-894,'201',1,NULL,NULL),(667,NULL,NULL,NULL,NULL,0,'2015-03-27 00:00:00',-894,'201',1,NULL,NULL),(668,NULL,NULL,NULL,NULL,0,'2015-03-27 00:00:00',-4852.07,'201',4,NULL,NULL),(669,NULL,NULL,NULL,NULL,0,'2015-03-28 00:00:00',-6408,'201',4,NULL,NULL),(670,NULL,NULL,NULL,NULL,0,'2015-03-28 00:00:00',-300,'201',3,NULL,NULL),(671,NULL,NULL,NULL,NULL,0,'2015-03-28 00:00:00',-2600,'201',2,NULL,NULL),(672,NULL,NULL,NULL,NULL,0,'2015-03-28 00:00:00',-344,'201',1,NULL,NULL),(673,NULL,NULL,NULL,NULL,0,'2015-03-28 00:00:00',-1028,'201',1,NULL,NULL),(674,NULL,NULL,NULL,NULL,0,'2015-03-28 00:00:00',-1028,'201',1,NULL,NULL),(675,NULL,NULL,NULL,NULL,0,'2015-03-28 00:00:00',-1550,'201',1,NULL,NULL),(676,NULL,NULL,NULL,NULL,0,'2015-03-28 00:00:00',-1550,'201',1,NULL,NULL),(677,NULL,NULL,NULL,NULL,0,'2015-03-29 00:00:00',-4628,'201',4,NULL,NULL),(678,NULL,NULL,NULL,NULL,0,'2015-03-29 00:00:00',-125,'201',1,NULL,NULL),(679,NULL,NULL,NULL,NULL,0,'2015-03-29 00:00:00',-375,'201',1,NULL,NULL),(680,NULL,NULL,NULL,NULL,0,'2015-03-29 00:00:00',-1000,'201',1,NULL,NULL),(681,NULL,NULL,NULL,NULL,0,'2015-03-30 00:00:00',15362.96,'101',4,NULL,5),(682,NULL,NULL,NULL,NULL,0,'2015-03-30 00:00:00',377.78,'101',1,NULL,5),(683,NULL,NULL,NULL,NULL,0,'2015-03-30 00:00:00',6488.89,'101',2,NULL,5),(684,NULL,NULL,NULL,NULL,0,'2015-03-30 00:00:00',-3518.96,'201',4,NULL,NULL),(685,NULL,NULL,NULL,NULL,0,'2015-03-30 00:00:00',-1671.11,'201',1,NULL,NULL),(686,NULL,NULL,NULL,NULL,0,'2015-03-30 00:00:00',-835.56,'201',1,NULL,NULL),(687,NULL,NULL,NULL,NULL,0,'2015-03-30 00:00:00',-1671.11,'201',1,NULL,NULL),(688,NULL,NULL,NULL,NULL,0,'2015-03-30 00:00:00',-2050,'201',1,NULL,NULL),(689,NULL,NULL,NULL,NULL,0,'2015-03-30 00:00:00',-2050,'201',1,NULL,NULL),(690,NULL,NULL,NULL,NULL,0,'2015-03-30 00:00:00',-1388.89,'201',2,NULL,NULL),(691,NULL,NULL,NULL,NULL,0,'2015-03-30 00:00:00',-350,'201',3,NULL,NULL),(692,NULL,NULL,NULL,NULL,0,'2015-03-31 00:00:00',6288.89,'101',3,NULL,5),(693,NULL,NULL,NULL,NULL,0,'2015-03-31 00:00:00',13666.67,'101',1,NULL,5),(694,NULL,NULL,NULL,NULL,0,'2015-03-31 00:00:00',-4432,'201',4,NULL,NULL),(695,NULL,NULL,NULL,NULL,0,'2015-03-31 00:00:00',-600,'201',2,NULL,NULL),(696,NULL,NULL,NULL,NULL,0,'2015-03-31 00:00:00',-38.89,'201',3,NULL,NULL),(697,NULL,NULL,NULL,NULL,0,'2015-03-31 00:00:00',-2187.63,'201',1,NULL,NULL),(698,NULL,NULL,NULL,NULL,0,'2015-03-31 00:00:00',-1458.42,'201',1,NULL,NULL),(699,NULL,NULL,NULL,NULL,0,'2015-03-31 00:00:00',-2187.63,'201',1,NULL,NULL),(700,NULL,NULL,NULL,NULL,0,'2015-03-31 00:00:00',-2916.5,'201',1,NULL,NULL),(701,NULL,NULL,NULL,NULL,0,'2015-03-31 00:00:00',-2916.5,'201',1,NULL,NULL),(702,NULL,NULL,NULL,NULL,0,'2015-04-01 00:00:00',-4788,'201',4,NULL,NULL),(703,NULL,NULL,NULL,NULL,0,'2015-04-01 00:00:00',-700,'201',2,NULL,NULL),(704,NULL,NULL,NULL,NULL,0,'2015-04-01 00:00:00',-300,'201',1,NULL,NULL),(705,NULL,NULL,NULL,NULL,0,'2015-04-01 00:00:00',-200,'201',1,NULL,NULL),(706,NULL,NULL,NULL,NULL,0,'2015-04-01 00:00:00',-300,'201',1,NULL,NULL),(707,NULL,NULL,NULL,NULL,0,'2015-04-01 00:00:00',-400,'201',1,NULL,NULL),(708,NULL,NULL,NULL,NULL,0,'2015-04-01 00:00:00',-400,'201',1,NULL,NULL),(709,NULL,NULL,NULL,NULL,0,'2015-04-01 00:00:00',-500,'201',3,NULL,NULL),(710,NULL,NULL,NULL,NULL,0,'2015-04-02 00:00:00',13103.7,'101',4,NULL,6),(711,NULL,NULL,NULL,NULL,0,'2015-04-02 00:00:00',6859.26,'101',1,NULL,6),(712,NULL,NULL,NULL,NULL,0,'2015-04-02 00:00:00',-4574,'201',4,NULL,NULL),(713,NULL,NULL,NULL,NULL,0,'2015-04-02 00:00:00',-161.35,'201',1,NULL,NULL),(714,NULL,NULL,NULL,NULL,0,'2015-04-02 00:00:00',-107.57,'201',1,NULL,NULL),(715,NULL,NULL,NULL,NULL,0,'2015-04-02 00:00:00',-161.35,'201',1,NULL,NULL),(716,NULL,NULL,NULL,NULL,0,'2015-04-02 00:00:00',-414.5,'201',1,NULL,NULL),(717,NULL,NULL,NULL,NULL,0,'2015-04-02 00:00:00',-414.5,'201',1,NULL,NULL),(718,NULL,NULL,NULL,NULL,0,'2015-04-02 00:00:00',-1000,'201',2,NULL,NULL),(719,NULL,NULL,NULL,NULL,0,'2015-04-02 00:00:00',-800,'201',3,NULL,NULL),(720,NULL,NULL,NULL,NULL,0,'2015-04-03 00:00:00',-4134.7,'201',4,NULL,NULL),(721,NULL,NULL,NULL,NULL,0,'2015-04-03 00:00:00',-2200,'201',2,NULL,NULL),(722,NULL,NULL,NULL,NULL,0,'2015-04-03 00:00:00',-770,'201',3,NULL,NULL),(723,NULL,NULL,NULL,NULL,0,'2015-04-03 00:00:00',-1530,'201',3,NULL,NULL),(724,NULL,NULL,NULL,NULL,0,'2015-04-03 00:00:00',-550,'201',1,NULL,NULL),(725,NULL,NULL,NULL,NULL,0,'2015-04-03 00:00:00',-825,'201',1,NULL,NULL),(726,NULL,NULL,NULL,NULL,0,'2015-04-03 00:00:00',-825,'201',1,NULL,NULL),(727,NULL,NULL,NULL,NULL,0,'2015-04-03 00:00:00',-1050,'201',1,NULL,NULL),(728,NULL,NULL,NULL,NULL,0,'2015-04-03 00:00:00',-1050,'201',1,NULL,NULL),(729,NULL,NULL,NULL,NULL,0,'2015-04-03 00:00:00',-1750,'201',1,NULL,NULL),(730,NULL,NULL,NULL,NULL,0,'2015-04-03 00:00:00',-1750,'201',1,NULL,NULL),(731,NULL,NULL,NULL,NULL,0,'2015-04-03 00:00:00',-1000,'201',1,NULL,NULL),(732,NULL,NULL,NULL,NULL,0,'2015-04-03 00:00:00',-1500,'201',1,NULL,NULL),(733,NULL,NULL,NULL,NULL,0,'2015-04-03 00:00:00',-1500,'201',1,NULL,NULL),(734,NULL,NULL,NULL,NULL,0,'2015-04-04 00:00:00',8444.44,'101',4,NULL,6),(735,NULL,NULL,NULL,NULL,0,'2015-04-04 00:00:00',6074.07,'101',1,NULL,6),(736,NULL,NULL,NULL,NULL,0,'2015-04-04 00:00:00',5488.89,'101',2,NULL,6),(737,NULL,NULL,NULL,NULL,0,'2015-04-04 00:00:00',-4427,'201',4,NULL,NULL),(738,NULL,NULL,NULL,NULL,0,'2015-04-04 00:00:00',-3788.89,'201',2,NULL,NULL),(739,NULL,NULL,NULL,NULL,0,'2015-04-04 00:00:00',-755.7,'201',1,NULL,NULL),(740,NULL,NULL,NULL,NULL,0,'2015-04-04 00:00:00',-1133.54,'201',1,NULL,NULL),(741,NULL,NULL,NULL,NULL,0,'2015-04-04 00:00:00',-1133.54,'201',1,NULL,NULL),(742,NULL,NULL,NULL,NULL,0,'2015-04-04 00:00:00',-2075,'201',1,NULL,NULL),(743,NULL,NULL,NULL,NULL,0,'2015-04-04 00:00:00',-2075,'201',1,NULL,NULL),(744,NULL,NULL,NULL,NULL,0,'2015-04-04 00:00:00',-400,'201',3,NULL,NULL),(745,NULL,NULL,NULL,NULL,0,'2015-04-04 00:00:00',-400,'201',3,NULL,NULL),(746,NULL,NULL,NULL,NULL,0,'2015-04-05 00:00:00',-4544.44,'201',4,NULL,NULL),(747,NULL,NULL,NULL,NULL,0,'2015-04-05 00:00:00',-1133.5,'201',1,NULL,NULL),(748,NULL,NULL,NULL,NULL,0,'2015-04-05 00:00:00',-1133.5,'201',1,NULL,NULL),(749,NULL,NULL,NULL,NULL,0,'2015-04-05 00:00:00',-1038,'201',1,NULL,NULL),(750,NULL,NULL,NULL,NULL,0,'2015-04-06 00:00:00',-300,'201',3,NULL,NULL),(751,NULL,NULL,NULL,NULL,0,'2015-04-06 00:00:00',-500,'201',2,NULL,NULL),(752,NULL,NULL,NULL,NULL,0,'2015-04-06 00:00:00',-299.43,'201',1,NULL,NULL),(753,NULL,NULL,NULL,NULL,0,'2015-04-06 00:00:00',-299.43,'201',1,NULL,NULL),(754,NULL,NULL,NULL,NULL,0,'2015-04-06 00:00:00',-299.43,'201',1,NULL,NULL),(755,NULL,NULL,NULL,NULL,0,'2015-04-06 00:00:00',-598,'201',1,NULL,NULL),(756,NULL,NULL,NULL,NULL,0,'2015-04-07 00:00:00',9037.04,'101',4,NULL,6),(757,NULL,NULL,NULL,NULL,0,'2015-04-07 00:00:00',13185.19,'101',1,NULL,6),(758,NULL,NULL,NULL,NULL,0,'2015-04-07 00:00:00',-2551.04,'201',4,NULL,NULL),(759,NULL,NULL,NULL,NULL,0,'2015-04-07 00:00:00',-97.73,'201',1,NULL,NULL),(760,NULL,NULL,NULL,NULL,0,'2015-04-07 00:00:00',-97.73,'201',1,NULL,NULL),(761,NULL,NULL,NULL,NULL,0,'2015-04-07 00:00:00',-97.73,'201',1,NULL,NULL),(762,NULL,NULL,NULL,NULL,0,'2015-04-07 00:00:00',-200,'201',3,NULL,NULL),(763,NULL,NULL,NULL,NULL,0,'2015-04-07 00:00:00',-992,'201',1,NULL,NULL),(764,NULL,NULL,NULL,NULL,0,'2015-04-07 00:00:00',-800,'201',2,NULL,NULL),(765,NULL,NULL,NULL,NULL,0,'2015-04-08 00:00:00',7859.26,'101',1,NULL,6),(766,NULL,NULL,NULL,NULL,0,'2015-04-08 00:00:00',12148.15,'101',2,NULL,6),(767,NULL,NULL,NULL,NULL,0,'2015-04-08 00:00:00',-2883,'201',4,NULL,NULL),(768,NULL,NULL,NULL,NULL,0,'2015-04-08 00:00:00',-7859.26,'102',1,NULL,6),(769,NULL,NULL,NULL,NULL,0,'2015-04-08 00:00:00',-12148.15,'102',2,NULL,6),(770,NULL,NULL,NULL,NULL,0,'2015-04-08 00:00:00',12148.15,'101',1,NULL,6),(771,NULL,NULL,NULL,NULL,0,'2015-04-08 00:00:00',7859.26,'101',2,NULL,6),(772,NULL,NULL,NULL,NULL,0,'2015-04-08 00:00:00',-300,'201',3,NULL,NULL),(773,NULL,NULL,NULL,NULL,0,'2015-04-08 00:00:00',-959.26,'201',2,NULL,NULL),(774,NULL,NULL,NULL,NULL,0,'2015-04-08 00:00:00',-892.25,'201',1,NULL,NULL),(775,NULL,NULL,NULL,NULL,0,'2015-04-08 00:00:00',-892.25,'201',1,NULL,NULL),(776,NULL,NULL,NULL,NULL,0,'2015-04-08 00:00:00',-892.25,'201',1,NULL,NULL),(777,NULL,NULL,NULL,NULL,0,'2015-04-08 00:00:00',-297.41,'201',1,NULL,NULL),(778,NULL,NULL,NULL,NULL,0,'2015-04-08 00:00:00',-2874,'201',1,NULL,NULL),(779,NULL,NULL,NULL,NULL,0,'2015-04-09 00:00:00',12148.15,'101',2,NULL,6),(780,NULL,NULL,NULL,NULL,0,'2015-04-09 00:00:00',7859.26,'101',1,NULL,6),(781,NULL,NULL,NULL,NULL,0,'2015-04-09 00:00:00',-12148.15,'102',2,NULL,6),(782,NULL,NULL,NULL,NULL,0,'2015-04-09 00:00:00',-7859.26,'102',1,NULL,6);
/*!40000 ALTER TABLE `stock_movement` ENABLE KEYS */;
UNLOCK TABLES;
/*!40103 SET TIME_ZONE=@OLD_TIME_ZONE */;

/*!40101 SET SQL_MODE=@OLD_SQL_MODE */;
/*!40014 SET FOREIGN_KEY_CHECKS=@OLD_FOREIGN_KEY_CHECKS */;
/*!40014 SET UNIQUE_CHECKS=@OLD_UNIQUE_CHECKS */;
/*!40101 SET CHARACTER_SET_CLIENT=@OLD_CHARACTER_SET_CLIENT */;
/*!40101 SET CHARACTER_SET_RESULTS=@OLD_CHARACTER_SET_RESULTS */;
/*!40101 SET COLLATION_CONNECTION=@OLD_COLLATION_CONNECTION */;
/*!40111 SET SQL_NOTES=@OLD_SQL_NOTES */;

-- Dump completed on 2015-05-04 13:46:38
